ID,label,SMILES
J73,1,Nc1ccc(OCCCOc2ccc(N)cc2N)c(N)c1
J1261,0,Cc1ccc2[nH]c3cc4c(=O)c5cc(C)ccc5[nH]c4cc3c(=O)c2c1
J868,0,CCCCOC(=O)c1ccccc1N=Nc1c(O)c(C(=O)Nc2ccc3[nH]c(=O)[nH]c3c2)cc2ccccc12
J672,0,CC(=O)CC(C)=O
J1223,0,COc1cc2c(cc1OC)C(C)(C)C(=Cc1ccccc1)C2=O
J619,1,O=C(O)C=CC(=O)O
J518,0,CCC(F)(F)C(F)(F)C(F)(F)C(F)(F)C(F)(F)C(F)(F)F
J7,1,CN(C)CCCN
J1194,0,CCCCOC(=O)c1ccccc1C(=O)OCc1ccccc1
J228,1,CC(C)COC(=O)C(C)Cl
J797,0,O=C1c2c(Cl)c(Cl)c(Cl)c(Cl)c2C2=Nc3cccc4cccc(c34)N12
J683,1,CC(C)CC(C)(O)C#CC(C)(O)CC(C)C
J10,0,OCCOCCO
A146A824,0,Cc1ccc(Nc2nccc(N(C)c3ccc4c(C)n(C)nc4c3)n2)cc1S(N)(=O)=O
J519,1,O=C=NCCCCCCN=C=O
J660,0,COc1cc(-c2cc(OC)cc(C(C)(C)C)c2Op2oc3ccccc3c3ccccc3o2)c(Op2oc3ccccc3c3ccccc3o2)c(C(C)(C)C)c1
J385,1,Cc1ccc(O)c(-n2nc3ccccc3n2)c1
J218,0,O=C1OC(c2ccc(O)cc2)(c2ccc(O)cc2)c2ccccc21
J108,1,CCCCCCCCCCCCS
J561,0,S=C(SSSSSSC(=S)N1CCCCC1)N1CCCCC1
J288,1,Oc1ccc(O)o1
J266,1,CCCCC(O)C(N)CC
J1043,0,CNC(N)=O
J1215,1,O=C1Nc2ccccc2C1=O
J569,0,Cc1ccc(N=Nc2c(O)c(C(=O)O)cc3ccccc23)c(S(=O)(=O)O)c1
J1162,0,C=C(C)C(N)=O
J1200,1,CCC=CCC(C)OC(=O)c1ccccc1O
J220,1,N#CC(=O)c1cccc(Cl)c1Cl
J341,1,O=C(O)C(=O)O
A146A337,1,C=CC(=O)OCCCOCC(C)(C)COCCCOC(=O)C=C
A146A1000,0,O=C(O)C(O)C(O)C(O)C(O)CO
J1248,1,Cc1cc(N)ccc1N
A146A524,1,CC(C)CCCCCCCCCCOP(OCCCCCCCCCCC(C)C)OCCCCCCCCCCC(C)C
J659,0,O=C(C1CCC(C(=O)N(CCO)CCO)CC1)N(CCO)CCO
A146A229,1,CC(O)=CC(=O)c1cc(C)c(C)c(C)c1C
J537,1,CN(C)Cc1cc(C(C)(C)C)c(O)c(C(C)(C)C)c1
J1095,0,CC(C)O
J286,1,Nc1c(OCCO)nn2ccccc12
J1283,0,O=C(O)CCC(=O)O
J790,0,O=CNc1cc(C(O)CBr)ccc1OCc1ccccc1
J935,0,COc1ccccc1NC(=O)C(=NNc1ccc(-c2ccc(NN=C(C(C)=O)C(=O)Nc3ccccc3OC)c(Cl)c2)cc1Cl)C(C)=O
J179,0,CC(C)NO
J451,1,CNc1ccc(O)cc1
J511,0,O=S(O)O
J1026,0,Oc1[nH]c(O)c2c1CCC2
J1056,0,O=c1[nH]c2ccccc2[nH]1
J600,0,C=C(C)C(=O)OCCOCCC[Si](C)(C)O[Si](C)(C)O[Si](C)(C)O[Si](C)(C)O[Si](C)(C)CCCC
A146A815,0,Cc1cccc2[nH]c(=S)[nH]c12
J729,1,S=c1[nH]c2ccccc2s1
J558,0,CC1CCCO1
J404,1,C=CC(=O)OCCOC
J509,1,COS(=O)(=O)OC
J258,1,O=[N+]([O-])c1ccc(CBr)cc1
J132,1,Cc1cc(=O)n(-c2ccc(C)c(C)c2)[nH]1
J1138,0,NC(=O)c1ccc(NC(=O)c2ccc(N)cc2)cc1
J1106,0,O=C1c2ccccc2C2=Nc3cccc4cccc(c34)N12
J398,0,CCCCC(CC)COC(=O)CCC(=O)OCC(CC)CCCC
J1150,0,COC(=O)C1CCCC(C)C1
J1098,0,CC(=O)C(=NNc1ccccc1C(F)(F)F)C(=O)Nc1ccc2[nH]c(=O)[nH]c2c1
J1062,0,COC(=O)CCCCC(=O)OC
J1016,0,COc1cc(NC(=O)C(=NNc2ccc(-c3ccc(NN=C(C(C)=O)C(=O)Nc4cc(OC)c(Cl)cc4OC)c(Cl)c3)cc2Cl)C(C)=O)c(OC)cc1Cl
J448,1,N#CSc1ccc(N)c([N+](=O)[O-])c1
J615,1,Oc1cccc(O)c1
J241,0,CC1CCOC(c2ccccc2)C1
J1204,1,CC(O)c1c(Cl)ccc(F)c1Cl
A146A537,0,CC(=O)C1=C(O)CCCC1
J1069,0,CC(=O)CC(=O)Nc1ccc(S(=O)(=O)O)cc1
J700,1,CC1C(C)(C)C2CCc3cncnc3C2C1(C)C
J295,0,C1CCOC1
J13,0,C=C1CCC(C(C)C)CC1
J501,1,CCCCC(CC)C(c1ccc(O)cc1)c1ccc(O)cc1
J373,0,OCCCCCCCl
J821,0,CC(C)(C)N(Cc1ccccc1)CC(O)c1ccc(O)c(CO)c1
J715,0,CCCc1nc(C(C)(C)O)c(C(=O)OCc2oc(=O)oc2C)n1Cc1ccc(-c2ccccc2-c2nnnn2C(c2ccccc2)(c2ccccc2)c2ccccc2)cc1
A146A455,1,CC(C)NC(=N)NC(=N)Nc1ccc(Cl)c(Cl)c1
J575,1,C=Cc1ccncc1
J170,0,COC1OC(COS(=O)(=O)c2ccc(C)cc2)C2OC(C)(C)OC12
J1191,0,CCCCOC(=O)CCP1(=O)Oc2ccccc2-c2ccccc21
J727,0,O=C1C([P+](c2ccccc2)(c2ccccc2)c2ccccc2)CCN1c1ccccc1
J47,0,CS(=O)(=O)CCN
J140,0,CC(=O)C(=NNc1cc(Cl)c(-c2cc(Cl)c(NN=C(C(C)=O)C(=O)Nc3ccc(C)cc3C)cc2Cl)cc1Cl)C(=O)Nc1ccc(C)cc1C
J812,0,CCCCN(CCCC)CCCC
A146A956,0,O=C1OC(C(O)CO)C(O)=C1O
J658,1,O=CC=C(c1ccccc1)c1ccccc1
J121,0,CCCCCCOc1ccc(C(c2ccccc2)(c2ccccc2)c2ccccc2)cc1OCCCCCC
J212,0,CC(C)C(N)C(=O)O
J881,1,CCC(COCC1CO1)(COCC1CO1)COCC1CO1
J1029,1,CC(=O)C(=O)c1ccccc1
A146A30,1,O=C(NCNC(=O)NC1C(=O)NC(=O)N1CO)NC1C(=O)NC(=O)N1CO
A146A863,0,C1CCCCC1
J249,1,CC1=CCC(C(C)C)C=C1
J706,0,CCCCC(CC)COC(=O)C=CC(=O)OCC(CC)CCCC
J588,1,BrCCc1ccccc1
J1272,0,CC1(C)CC(COS(C)(=O)=O)C(=O)O1
J707,1,CCOC(=O)C=CC(=O)OCC
J422,0,COC(=O)c1cc(C(=O)OC)cc(S(=O)(=O)O)c1
J786,1,Clc1cccc(C(Cl)(Cl)Cl)n1
J1065,0,C1CCC(NC2CCCCC2)CC1
J1112,0,COc1cc([N+](=O)[O-])c(OC)cc1Cl
J87,1,Nc1ccc([N+](=O)[O-])cc1N
J974,1,Cc1cc(O)c(C=O)c(O)c1
J198,0,Nc1ccc(S(N)(=O)=O)cc1
J282,0,OCCCl
J96,0,Cc1ccc(S(=O)(=O)OC2CCC3(C)C(CCC4C5CCC(=O)C5(C)CCC43)C2)cc1
J414,1,CC(=O)OCCC1=CCC2CC1C2(C)C
A146A102,1,CCCCCCCCCCCCC[N+](C)(C)Cc1ccccc1
J688,1,Clc1ccc(C(Cl)(Cl)Cl)c(Cl)c1
J229,0,CCCCOC(=O)c1ccccc1C(=O)OCCCC
J164,1,N#CCCC(Br)(C#N)CBr
J148,0,CCCCCCCCCCCCCCCCC(C(=O)CCCCCCCCCCCCCCC)C(=O)NCCO
J189,0,COc1cc(N)c2nccc(C)c2c1
J718,1,C=CCCCC=CCOC
J963,1,CCCCCCCCCCCCOS(C)(=O)=O
J548,0,OCCOc1ccc2ccccc2c1
J22,1,COc1ccc(OC(=O)c2ccc(OCCCCC3CO3)cc2)cc1
J623,1,CCCCCC#CC(=O)OC
J1231,0,CC(=O)CC(=O)Nc1ccccc1C
A146A368,1,COc1cc(Nc2c(C#N)cnc3cc(OCCCN4CCN(C)CC4)c(OC)cc23)c(Cl)cc1Cl
A146A639,0,CC(C)(C)OOC(C)(C)c1ccc(C(C)(C)OOC(C)(C)C)cc1
J57,1,C=CC(=O)OC1CC2CCC1(C)C2(C)C
J1127,0,O=C(c1ccccc1)C1CCCCC1
J954,0,C=CC(=O)NCC(OC)OC
J459,0,O=S(=O)(O)C(F)(F)C(F)(F)C(F)(F)C(F)(F)C(F)(F)C(F)(F)C(F)(F)C(F)(F)F
J1193,0,O=C1NC(=O)c2ccccc21
J829,0,CC(=O)C(=NNc1ccc(C)cc1[N+](=O)[O-])C(=O)Nc1ccccc1
A146A688,0,CC(O)COC(C)CO
J556,0,O=C(CO)CO
J1168,1,CC(C=O)Cc1ccc(C(C)(C)C)cc1
J521,1,CCC1OC(=O)C(C)C(OC2CC(C)(OC)C(O)C(C)O2)C(C)C(OC2OC(C)CC(N(C)C)C2O)C(C)(O)CC(C)CN(C)C(C)C(O)C1(C)O
J666,0,COc1cc(NC(=O)C(=NNc2cc(OC)c(S(=O)(=O)Nc3ccccc3)cc2OC)C(C)=O)c(OC)cc1Cl
J126,1,CC(C)N=C(N)N(C(=N)N)c1ccc(Cl)c(Cl)c1
A146A509,1,CCCCCCCCCc1ccccc1O
J1014,0,c1ccc(-c2nnc(-c3ccc(-c4nnc(-c5ccccc5)c(-c5ccccc5)n4)cc3)nc2-c2ccccc2)cc1
J1027,0,N#CCN(CC#N)CCN(CC#N)CC#N
J1,0,O=Cc1ccccc1
J1205,0,COc1ccccc1NC(=O)C(=NNc1ccccc1C(=O)O)C(C)=O
J500,0,C=CC[N+](C)(C)CC=C
J304,0,CCCCCCCCC(=O)O
J203,1,C=CC(=O)OCC1(CC)COCOC1
J1090,0,O=C(O)C1=C(CCO)OC2CC(=O)N12
J1156,0,O=C(Nc1ccc2[nH]c(=O)[nH]c2c1)c1cc2ccccc2cc1O
J596,0,O=C1CCCCCCCCCCCC(=O)OCCO1
J284,0,CC=CC(=O)O
A146A208,1,C=c1cc(C)cc(C)c1=C(O)P(=O)(OCC)c1ccccc1
J811,0,C=CC1(C)CC(OC(=O)CSC2CC3CCC(C2)N3C)C2(C)C(C)CCC3(CCC(=O)C32)C(C)C1O
A146A333,1,C=C1NS(=O)(=O)N=C1c1ccccc1
J950,0,O=C(O)c1ccc2c(C3CCCC3)c[nH]c2c1
J635,0,COC(=O)c1c(O)coc1O
J494,0,CCOC(=O)C(C)O
J735,0,CCCCN1CCC(CNC(=O)c2c3n(c4ccccc24)CCCO3)CC1
J613,0,Cn1cc(C(=O)Nc2cccc3c2C2CCC3C2=C(Cl)Cl)c(C(F)F)n1
J510,1,O=S(=O)(O)OOS(=O)(=O)O
J1170,0,CN1CCN(C)C1=O
J968,0,NC(CS)C(=O)O
J194,0,NC(CC(=O)O)C(=O)O
J1255,0,CCOC(=O)CC(=O)c1cc(F)c(Cl)nc1Cl
J709,1,C=CC(=O)OCCCC
J136,0,CCOC(=O)CC(NCCC[Si](OC)(OC)OC)C(=O)OCC
J678,1,CC(C)c1ccc(C(C)CC=O)cc1
J371,1,CCCCC(CC)COC(=O)COc1ccc(Cl)cc1Cl
J67,0,CNC(=S)NN
J520,0,CCCCCOC1OC(C)C(O)C(O)C1O
J1176,1,CCCCCCC(C)OC(=O)COc1[nH]c(F)c(Cl)c(=N)c1Cl
J395,1,Nc1ccc(NCCO)c([N+](=O)[O-])c1
J909,0,C=CCCC(=O)Cl
J138,0,C=C(C)C(=O)OCCC(F)(F)C(F)(F)C(F)(F)C(F)(F)C(F)(F)C(F)(F)F
A146A852,0,CCNc1nc(Cl)nc(NC(C)C)n1
J363,1,CC=Cc1ccc(O)c(OC)c1C
J490,1,Nc1ccc(OCCO)c(N)c1
J831,1,O=C(C=Cc1ccccc1)c1ccc(O)cc1O
J259,1,BrCc1ccccc1
J1087,0,CCCCCC=O
J315,1,CC(C)(C=NCCCCCCN=CC(C)(C)CN1CCOCC1)CN1CCOCC1
J749,1,CC(=O)CC(=O)c1cc(C)c(C)c(C)c1C
A146A720,0,O=S(=O)(O)c1ccc(Nc2nc(Nc3ccc(C=Cc4ccc(Nc5nc(Nc6ccc(S(=O)(=O)O)cc6)nc(N6CCOCC6)n5)cc4S(=O)(=O)O)c(S(=O)(=O)O)c3)nc(N3CCOCC3)n2)cc1
J601,0,CN(C(=S)SSC(=S)N(C)c1ccccc1)c1ccccc1
J378,0,CC1CCC(C(C)C)C(O)C1
J626,0,S=C(S)NCCNC(=S)S
J1102,0,CC1=CC(C)C(CO)C(C)C1
J43,0,CCOc1ccc(C(=O)Cc2ccc(S(C)(=O)=O)cc2)cc1
J1282,0,Cc1cnn(C(CC(=O)O)C(=O)O)c1C
J1047,0,CC(N)=O
A146A305,1,OCCOCC#CCOCCO
A146A141,1,C=C(O)C(C)=O
J603,1,CC(C)=CCCC(C)=CCO
J492,0,CC1=CCC(C=CC(C)C(C)O)C1(C)C
J114,1,Oc1ccc(O)cc1
A146A403,1,C=CS(=O)(=O)CCOCCNc1nc(F)nc(Nc2ccc(N=Nc3cc4c(S(=O)(=O)O)cc(S(=O)(=O)O)cc4cc3S(=O)(=O)O)c(NC(N)=O)c2)n1
A146A253,1,CC(O)=C(C)C(=O)c1ccccc1
J390,0,C=CCCCCCCCC(=O)OC
J657,0,Nc1ccc(S(=O)(=O)O)cc1
A146A120,0,OCC(O)CO
J902,0,CCOC(=O)C(F)(F)F
J458,0,CC[N+](CC)(CC)CC
J61,0,COC(=O)OC
J958,0,O=C(O)c1cc(Br)nn1-c1ncccc1Cl
J506,0,CCCCCCC(O)CCCCCCCCCCC(=O)O
J359,0,CC(C)CC(C)(O)CCC(C)(O)CC(C)C
J1143,0,CC(C)(C)O
J1165,0,C[N+](C)(C)CC(O)CC(=O)O
J664,0,COc1ccc(C(=O)Nc2ccccc2)cc1N=Nc1c(O)c(C(=O)Nc2ccc3[nH]c(=O)[nH]c3c2)cc2ccccc12
J705,0,COc1cc(-c2cc(OC)cc(C(C)(C)C)c2O)c(O)c(C(C)(C)C)c1
J1169,1,C=C(C)C(=O)OC
A146A739,0,CCCc1nc(C)c2c(=O)nc(-c3cc(S(=O)(=O)N4CCN(CC)CC4)ccc3OCC)[nH]n12
J1080,1,CCCCOCCOC(=O)COc1nc(Cl)cc(Cl)c1Cl
J312,1,O=C(CC(=O)c1ccccc1)c1ccccc1
J461,1,O=C1CCO1
J904,0,O=C(NCCCCCCNC(=O)NCc1ccccc1)NCc1ccccc1
J1217,0,C#CC(C)(C)C
A146A651,0,O=C1C=Cc2ccccc2C1=NNc1ccc([N+](=O)[O-])cc1Cl
J783,1,COCc1ccc(C=O)o1
J602,0,O=C1CCCCCCCCCCCCCCO1
J535,0,CC(=O)OC(C)(C)C1C=CC(C)C(=O)C1
J579,1,c1ccc(OP(Oc2ccccc2)Oc2ccccc2)cc1
J423,0,CCCCCCCCCCCCCCCCS(=O)(=O)OC
J801,0,C=C(C)C(=O)OCCOC(=O)CC(C)=O
J737,1,C=CC(=O)OCC(CC)(COC(=O)C=C)COC(=O)C=C
J742,1,CCc1cccc(CC)c1N(COC)C(=O)CCl
J934,0,CCCCCCCCCCCCCCCCCCNC(=O)Nc1ccc(Cc2ccc(NC(=O)NCCCCCCCC)cc2)cc1
A146A254,1,CCCCCC(O)=CC(=O)c1ccccc1
J294,1,CCNCC
J8,0,CCSCCO
J948,0,COc1ccc(C=O)cc1Cl
J257,0,Cc1cn(C(CC(=O)O)C(=O)O)nc1C
J1238,0,OCCN(CCO)CCO
J221,0,CC(=O)C(=NNc1ccccc1OCCOc1ccccc1NN=C(C(C)=O)C(=O)Nc1ccc2[nH]c(=O)[nH]c2c1)C(=O)Nc1ccc2[nH]c(=O)[nH]c2c1
J553,0,CCCOC(=O)c1ccc(O)cc1
J1132,0,COc1cc(S(=O)(=O)O)c(C)cc1NC(=O)CC(C)=O
A146A400,1,CC(C)(C)c1ccc([I+2]=c2cc[c-](C(C)(C)C)cc2)cc1
A146A504,1,C=c1cc(C)cc(C)c1=C(O)P(=O)(c1ccccc1)c1ccccc1
J782,0,O=C(O)CCCCC(=O)O
J961,0,O=C1CCCC(=O)C1
J863,0,O=C(O)C(=NOCc1ccccc1)C(=O)O
J1064,1,CCCCCCCCCCCCCCCBr
J1249,0,CC1OC(=O)C(C)OC1=O
J813,0,O=C1O[B-]2(OC(=O)c3ccccc3O2)Oc2ccccc21
J757,1,Cc1csc2c(Cl)cccc12
J144,0,OC(Cn1ccnc1)c1ccc(Cl)cc1Cl
J424,0,O=c1c2cc(Br)c3cccc4c(=O)c5cc(Br)c6cccc1c6c5-c2c34
J102,1,Nc1cccc(N)c1
J1110,1,CCCCCCCCCCCCCCCCCCCCCCBr
J990,0,O=C1CCC2COC1O2
A146A490,1,CC(C)(C)CC(C)(C)c1ccc(OCCO)cc1
J1109,0,Cc1ncc[nH]1
J512,0,C=CC(C)(O)CCC=C(C)C
J564,0,C=C1CC=C(C(C)C)CC1
J814,0,CCCc1nc(C)c2c(=O)[nH]c(-c3cc(S(=O)(=O)N4CCN(CC)CC4)ccc3OCC)nn12
J1038,1,CC=CC=CCC=O
A146A361,1,CCCCCCCc1ccc(O)cc1
J776,1,N#Cc1c(Cl)c(Cl)c(Cl)c(C#N)c1Cl
J943,1,O=C(O)C(F)(F)C(F)OC(F)(F)C(F)(F)C(F)(F)OC(F)(F)F
J347,0,O=c1[nH]cnc2ccc(I)cc12
J507,0,C=COCCOCCOC=C
J1025,1,CC=CC(=O)C1=C(C)CCCC1(C)C
J661,1,CCCCCC(C=O)=Cc1ccccc1
J739,1,C=CC(=O)O[Si](C(C)C)(C(C)C)C(C)C
J673,0,NC(=O)N=NC(N)=O
J1241,0,CCCCC(CC)C(=O)OCCOCCOCCOC(=O)C(CC)CCCC
J1122,1,C[Si](C)(C)O[Si](C)(CCCOCC(O)CO)O[Si](C)(C)C
J1273,0,Cc1ccc(S(=O)(=O)OCC2CC(C)(C)OC2=O)cc1
J364,1,CC=Cc1ccc(O)c(OC(C)C)c1
J349,1,C#[N+]C(c1ccc(F)cc1)S(=O)(=O)c1ccc(C)cc1
A146A13,1,C=C(O)C(=O)CC(C)C
J1284,0,N=c1[nH]c(-c2ccc3ccccc3c2)c(N=Nc2cc(S(=O)(=O)O)c3cc(S(=O)(=O)O)cc(S(=O)(=O)O)c3c2)s1
J365,1,OCCc1ccc(Cl)cc1
J1220,1,Oc1ccc(-c2ccccc2)cc1
J655,0,COc1cc(C=O)ccc1O
J866,0,O=c1c2cc(Cl)ccc2[nH]c2cc3c(=O)c4cc(Cl)ccc4[nH]c3cc12
J151,0,CCCCCCCCCCCCCCCCOC(=O)OOC(=O)OCCCCCCCCCCCCCCCC
J571,0,CCOC(=O)CC1(C)OCCO1
J848,0,Nc1c(OCCOC(=O)Oc2ccccc2)cc(O)c2c1C(=O)c1ccccc1C2=O
J701,0,CCN(CC)C(=O)c1ccc[n+](CCCS(=O)(=O)O)c1
J788,0,Cc1cn(C2CC(O)C(CO)O2)c(=O)[nH]c1=O
J247,1,O=[N+]([O-])c1ccc(Cl)c([N+](=O)[O-])c1
J665,0,CNS(=O)(=O)c1cc(OC)c(N=Nc2c(O)c(C(=O)Nc3ccc4[nH]c(=O)[nH]c4c3)cc3ccccc23)cc1OC
J439,0,CC(C)C1=CC2=CCC3C(C)(C(=O)O)CCCC3(C)C2CC1
J299,1,c1ccncc1
J265,1,CCCCOC(=O)NC(=S)SCCCC
A146A487,1,CC(CCCCN)C(C)(C)N
A146A743,0,O=S(=O)(O)c1ccccc1N=C1C=CC(=C(c2ccc(Nc3ccccc3)cc2)c2ccc(Nc3ccccc3)cc2)C=C1
J914,1,CCCSP(=O)(OCC)Oc1ccc(Br)cc1Cl
J768,0,COc1cc(C(F)(F)F)c(OC)cc1CC#N
J409,0,CNC(C)c1cc(C(F)(F)F)cc(C(F)(F)F)c1
J1264,1,C=C(C)C1C=CC(C)C(=O)C1
J1141,1,CCCCC(C=O)=Cc1ccccc1
J800,1,C=C(C)C1CC=C(C=O)CC1
J1052,0,C=CC1(C)CC(OC(=O)COS(C)(=O)=O)C2(C)C(C)CCC3(CCC(=O)C32)C(C)C1O
J379,1,CCOc1ccc(CC(CNCCN)NC(=O)OCc2ccccc2)cc1
A146A792,0,CCCCCCC(O)CCOC(C)=O
J48,0,C1=CC2CCC1C2
J691,0,C=CC(=O)OCCCCOc1ccc(C(=O)Oc2ccc(OC(=O)c3ccc(OCCCCOC(=O)C=C)cc3)c(C)c2)cc1
J134,0,CCOc1ccccc1C(=N)N
A146A393,1,C=CC(=O)OCCCCCCCC(C)C
J431,1,CC(OC(C)(C)COC(=O)C1CC1)C1CCCC(C)(C)C1
J117,0,NCC(=O)NC(CCC(N)=O)C(=O)O
J154,1,O=CC(=O)O
J1157,0,CCOP(=O)(OCC)OCC
J508,1,CCO[Si](CCCNC=O)(OCC)OCC
A146A472,1,CCOc1cc(Oc2ccc(C(F)(F)F)cc2Cl)ccc1[N+](=O)[O-]
A146A501,1,C=CCC
J1039,0,CCOCc1cc(OC)c(B(O)O)c(OC)c1
J358,1,COc1cc2c(cc1C(F)(F)F)NCC2
J24,0,O=[N+]([O-])c1ncccc1O
J618,0,N#CCCO
J346,1,CCCN(CCC)c1c([N+](=O)[O-])cc(C(F)(F)F)cc1[N+](=O)[O-]
J808,0,CCOc1ccc(CC(N)CNCCN)cc1
J504,0,C=C(Cl)Cl
J388,1,O=C(Oc1ccc([N+](=O)[O-])cc1)OC1COC2OCCC12
J1230,1,CC(C=O)c1ccccc1
J467,1,Cc1c(O)cccc1O
J292,1,ClCc1ccc2ccc3cccc4ccc1c2c34
J320,0,CCCCCCCC#N
J36,1,CC(C)C1OCCN1CCO
J1019,0,NCC(=O)O
J1210,0,COc1ccc(C(=O)O)cc1[N+](=O)[O-]
J1160,0,CC(=O)C(=NNc1ccc(-c2ccc(NN=C(C(C)=O)C(=O)Nc3ccc(C)cc3C)c(Cl)c2)cc1Cl)C(=O)Nc1ccccc1C
J910,0,Nc1ccc(-c2ccc(N)c3c2C(=O)c2ccccc2C3=O)c2c1C(=O)c1ccccc1C2=O
J167,0,O=C1NC(=O)C(=c2[nH]c(=C3C(=O)NC(=O)NC3=O)c3ccccc23)C(=O)N1
J245,0,Cc1ccc2c(c1)C(N=c1[nH]c(C(C)F)nc(=N)[nH]1)C(C)C2
J355,1,CC(C)C=NCC1CCCC(CN=CC(C)C)C1
J611,1,O=CC=O
J147,1,C=C(C)C(=O)OCc1ccccc1
A146A809,0,CC1=NN(c2ccc(C)cc2)C(=O)C1N=Nc1ccc(-c2ccc(N=NC3C(=O)N(c4ccc(C)cc4)N=C3C)c(Cl)c2)cc1Cl
J686,1,CC(=O)C(C)=CC1=C(C)CCCC1(C)C
J248,1,FC(F)(F)c1ccc(Cl)cc1
J1060,0,CC(O)(CC(=O)O)C(=O)O
J1208,1,Cc1cc(=O)n(-c2ccccc2)[nH]1
A146A339,1,OCCCOCCN(CCOCCCO)CCOCCCO
J622,0,CCCCC=O
J236,0,CC(C)(C)OC(=O)CC1CC(CC#N)OC2(CCCC2)O1
J810,1,CCCCC(CC)C(=O)OOC(C)(C)CC(C)(C)C
J1175,0,CCC1OC(=O)C(C)C(OC2CC(C)(OC)C(O)C(C)O2)C(C)C(OC2OC(C)CC(N(C)C)C2O)C(C)(OC)CC(C)C(=O)C(C)C(O)C1(C)O
J52,0,CCCCC(CC)COC(=O)c1ccccc1
J273,0,CC12CCC3C(CCC4CCCCC43C)C1CCC2=O
A146A97,1,O=C(O)C(O)C(O)C(=O)O
J402,1,CC(O)C#CC(C)O
J828,0,CCCCCCCCCCCCCCCCCCSSCCCCCCCCCCCCCCCCCC
A146A77,0,NCC1OC(OC2C(CO)OC(OC3C(O)C(N)CC(N)C3OC3OC(CN)C(O)C(O)C3N)C2O)C(N)C(O)C1O
J12,0,CCCCCCOCCOCCO
A146A327,1,Nc1n[nH]c(=S)[nH]1
J1136,0,C=c1[nH]n2c(=O)c3ccccc3nc2c1=NNc1ccc(Cl)cc1[N+](=O)[O-]
J825,1,CCCCC(CC)COC(=O)CSCC(=O)OCC(CC)CCCC
J243,0,O=S(=O)(O)CCCS(=O)(=O)c1cccc2c1-c1nc-2nc2[nH]c(nc3nc(nc4[nH]c(n1)c1cccc(S(=O)(=O)CCCS(=O)(=O)O)c41)-c1cccc(S(=O)(=O)CCCS(=O)(=O)O)c1-3)c1cccc(S(=O)(=O)CCCS(=O)(=O)O)c21
J1057,0,NCC(O)CO
J285,0,C=Cn1ccnc1
J608,0,COc1cc(C)c2c(Oc3cccc(C(F)(F)F)c3)c(OC)cc(N)c2n1
J185,1,Clc1ccc(C(Cl)(Cl)Cl)cc1
J165,0,CCCC1CC(=O)N(C(CC)C(N)=O)C1
A146A781,0,CC(C)CCO
J933,0,Cc1c2ccc(N(C)c3ccnc(Cl)n3)cc2nn1C
J77,0,Cc1c(Cl)cccc1[N+](=O)[O-]
J356,1,CO[Si](CCCNCCN)(OC)OC
J193,1,CC=CC(=O)Oc1c(C(C)CCCCCC)cc([N+](=O)[O-])cc1[N+](=O)[O-]
J515,0,CC(C)(C1CCC(O)CC1)C1CCC(O)CC1
J805,0,CCO[Si](CN1CCOCC1)(OCC)OCC
J566,1,c1ccc2c(c1)ccooc1ccccc12
J90,1,Nc1cc([N+](=O)[O-])cc(Cl)c1O
J526,1,Oc1oc(O)c2c1CCCC2
J1172,0,COc1ccc([N+](=O)[O-])cc1NN=C(C(C)=O)C(=O)Nc1ccccc1OC
J939,0,CCCCN1C(=O)C(C(O)C2CCCCC2)NC(=O)C12CCN(Cc1ccc(Oc3ccc(C(=O)O)cc3)cc1)CC2
J702,1,CN(C)CCOC(C)(c1ccccc1)c1ccc(Br)cc1
J1037,0,C=CCOC(C)=O
A146A515,1,O=C1CCC(=O)O1
J16,1,CN1C2CCC1CC(O)C2
J565,0,CC=CC(=O)SCC(O)CO
J882,0,O=[N+]([O-])c1ccc(N=Nc2c(O)ccc3ccccc23)c([N+](=O)[O-])c1
J766,1,O=C(C=Cc1ccc(O)cc1O)c1ccccc1
J965,0,CCOC(=O)C(Cl)(Cl)Cl
J839,1,O=C(C=Cc1ccccc1)c1ccc(O)cc1
A146A748,0,CCc1ccc2c(c1)C(=O)c1ccccc1C2=O
J50,1,C=CC(=O)OCC(O)COCCCCOCC(O)COC(=O)C=C
J693,0,O=C(O)CCCCO
J840,0,CC(=O)CC(=O)Nc1ccc2[nH]c(=O)[nH]c2c1
J845,0,Cc1cc2c(cc1C(F)(F)F)NCC2
J720,1,CCCSc1nc(Cl)c([N+](=O)[O-])c(Cl)n1
J1227,0,CCC=CCCO
J870,1,CC(C)(O)CCCC1=CCC(C=O)CC1
J150,1,CCC=CC#N
J1199,0,CCCCCCCCCC(=O)Oc1ccc(C(=O)O)cc1
J916,0,Cc1cc(F)ccc1C1CC(=O)C=CN1C(=O)OCc1ccccc1
J44,0,Nc1cc([N+](=O)[O-])ccc1F
J125,0,COc1ccc(C2(C#N)CCC(C(=O)O)CC2)cc1OC1CCCC1
J224,0,O=C(O)CCl
J1177,1,C=CC(=O)OCCO
J291,0,Clc1ccccc1
J128,0,OC1COC2OCCC12
J1229,1,COc1cc(C)ccc1O
J835,0,CN(C)S(=O)(=O)c1cc(Cl)c(N)cc1Cl
J612,0,NNC(=O)CCCCC(=O)NN
J255,0,CC(COCC(F)(F)C(F)(F)C(F)(F)F)OC(=O)CC(C(=O)OC(C)COCC(F)(F)C(F)(F)C(F)(F)F)C(C(=O)OC(C)COCC(F)(F)C(F)(F)C(F)(F)F)S(=O)(=O)O
J654,1,Cc1ccc([N+](=O)[O-])cc1S(=O)(=O)O
J40,1,OC(COC1CC2C=CC1C2)(C(F)(F)F)C(F)(F)F
J991,0,COC(=O)c1ccc(C(=O)OC)c(N)c1
J455,1,COc1nc(OC)c(N)cc1N
J380,1,C=CN1CCCCCC1=O
J852,0,CNC(=O)c1cc(Oc2ccc(N)cc2)ccn1
J857,0,COC(=O)CCS
J340,0,CCNC(=S)OC(C)C
J547,0,CCCN(C)C
J97,0,CCOC(=O)OCC
J106,1,CC(C)(C)C(=O)CC(=O)C(C)(C)C
J895,0,CC(C)(C)OC(=O)NC(C(=O)O)C12CC3CC(CC(O)(C3)C1)C2
J758,0,C=CC(=O)OCCC(F)(F)C(F)(F)C(F)(F)C(F)(F)C(F)(F)C(F)(F)F
J1004,1,CCCCCCCCCCCCCCCCI
J978,0,NS(=O)(=O)O
J1159,0,CC(Cl)CCl
J173,0,Cc1c2ccc(N=c3cc[nH]c(Cl)n3)cc2nn1C
J1256,1,CC=Cc1ccc(O)c(OC)c1
J200,0,CC(=O)O
J889,1,CCN(CC)CCN(Cc1ccc(-c2ccc(C(F)(F)F)cc2)cc1)C(=O)Cn1c(SCc2ccc(F)cc2)nc(=O)c2c1CCC2
J1163,0,CC(=O)C=CC1=CCCC(C)C1(C)C
J60,1,CCCCCC=CCC=CCCCCCCCC(=O)O
J278,0,Nc1ccc(Cl)cc1
J970,0,O=C(Nc1cc(Cl)c(NC(=O)c2cc3ccccc3c(N=Nc3cc(C(F)(F)F)ccc3Cl)c2O)cc1Cl)c1cc2ccccc2c(N=Nc2cc(C(F)(F)F)ccc2Cl)c1O
J573,1,C=CCCCCCCCCOC(=O)C=Cc1ccccc1O
J479,1,CCN(CC)c1ccc([C+](c2ccc(N(CC)CC)cc2)c2ccc(N(CC)CC)cc2)cc1
J300,1,CC(C)=CCCC(C)=CCCC(C)=CCCC=C(C)CCC=C(C)CCC=C(C)C
J898,1,CC1=NS(=O)(=O)N=C1c1ccccc1
J91,0,Cc1ncoc1C#N
J256,0,CC(C)OC(=O)c1ccc2c(C3CCCC3)c(Br)n(C)c2c1
J1232,0,CC(=O)CC(=O)Nc1ccccc1Cl
J880,0,O=C1CCCN1CCO
J1071,0,O=C(CC(CP1(=O)Oc2ccccc2-c2ccccc21)C(=O)OCCO)OCCO
J557,0,CCC(C)=NO
J1089,0,C1=CCC(C2OCC3(CO2)COC(C2CC=CCC2)OC3)CC1
A146A702,0,CC(C)(c1cc(Br)c(O)c(Br)c1)c1cc(Br)c(O)c(Br)c1
J417,0,CCCCCCCCC=CCCCCCCCCO
J327,0,O=P12OB(O1)O2
J1214,0,COc1ccccc1OC
J452,1,Cc1ccc(NCCO)cc1O
J1005,0,OC1COCOC1
J957,0,CC12C=CC(=O)C=C1CCC1C2C(O)CC2(C)C1CCC2(O)C(=O)CO
J1266,1,CC1=CC=C(C(C)C)CC1
J580,1,CC(C=O)=Cc1ccccc1
J712,0,COC(=O)c1ccccc1OS(=O)(=O)c1ccc(O)cc1
J802,1,CCCCCCCCCCCCCCCCOCCO
J644,1,O=C(OCc1ccccc1)c1ccccc1O
J784,1,CCCCCCCCCCCCCCI
J251,1,CCCCCCCCC=CCCCCCCCCOS(C)(=O)=O
J107,1,C=CCCCCCCCCC=O
J803,1,CC(=O)CC(=O)c1cc(C)ccc1C
J527,1,O=C1OC(=O)c2ccccc21
J677,0,C=CC1(C)CC(OC(=O)CO)C2(C)C(C)CCC3(CCC(=O)C32)C(C)C1O
A146A488,1,O=[N+]([O-])c1ccc(Cl)c([N+](=O)[O-])c1[N+](=O)[O-]
J714,0,CCCCCCCCCCCCCCCCCCNC(=O)CCc1cc(C(C)(C)C)c(O)c(C(C)(C)C)c1
J796,0,CCOC(=O)C(F)F
J733,0,COc1ccc(C2(C#N)CCC(=O)CC2)cc1OC1CCCC1
J1034,1,CC1=CCC(=C(C)C)CC1
J947,1,CCCCCCCCCCCCCCCCCl
A146A231,1,CC(O)=CC(=O)c1cc(C)ccc1C
J549,0,COC(=O)c1ccccc1
J522,1,O=C(OC1CCCCC1)c1ccccc1C(=O)OC1CCCCC1
J74,0,OCCCC1CCCC1
J296,1,CCCCCCCCCCCCCC(=O)OC(C)C
A146A630,0,COc1cc2c(cc1OC)CC(=O)NC=C2
J1192,0,Oc1[nH]c(O)c2c1CC=CC2
J234,0,O=c1ccc2ccccc2o1
J818,1,CC(C)(C=O)CN1CCOCC1
J120,0,C=C(C)C(=O)NC(C)C
A146A422,1,CN(C)C(=S)S
J628,0,COC(=O)CCCC(=O)OC
J846,1,CC1CC(C(C)(C)C(C)C)CCC1=O
J23,0,COC(=O)c1cccc(C(=O)OC)c1
J184,1,C=C(C)C(=O)NCCCN(C)C
J453,1,NCCCNCCCN
J1151,1,CCCCCCCCC(=O)Cl
J1144,0,OCC(F)(F)F
J499,0,CCCCO
J859,0,COC(=O)c1cc(NN=C(C(C)=O)C(=O)Nc2ccc3[nH]c(=O)[nH]c3c2)cc(C(=O)OC)c1
A146A142,1,CCC=CC=CC=O
J1097,1,CC(=CC(C)C)C(C)OC(C)(C)COC(=O)C1CC1
J1083,0,CCOC(=O)c1nc[nH]n1
J274,0,CCc1ccc(CC)cc1
J545,0,C=C(C)C(=O)OCC(C)O
J1271,1,CC1(C)SC2C(NC(=O)Cc3ccccc3)C(=O)N2C1C(=O)O
J244,1,Nc1ccccc1O
J830,0,O=S(=O)(O)O
J1033,1,CCOCOC1CCCCCCCCCCC1
J982,0,O=C(Nc1ccc(NC(=O)c2cc3ccccc3c(N=Nc3cc(Cl)ccc3Cl)c2O)c(Cl)c1)c1cc2ccccc2c(N=Nc2cc(Cl)ccc2Cl)c1O
A146A435,1,CCCCCCC(C)OC(=O)COc1nc(F)c(Cl)c(N)c1Cl
J736,1,CC1(C)CC(CBr)C(=O)O1
J1216,0,CC(=O)OCC(=O)C1(O)C(C)CC2C3CC=C4CC(=O)C=CC4(C)C3=CCC21C
J153,1,C=C1CC(C)(C)OC1=O
J962,0,CCCCCCCCCC(=O)NCCNC(=O)CCCCCCCCC
J123,0,COC1CCC2(CC1)NC(=O)NC2=O
J242,0,COc1c(Cl)ccc(B(O)O)c1F
J45,0,CC1(C)CCCC2(C)C1CCC1(C)OCCC12
J1099,0,O=C(O)CSSCC(=O)O
J1198,0,CCOC(=O)CP(=O)(OCC)OCC
J131,1,CCCCCCCCCCCC1=NC(C)(C)C(=O)O1
J1239,0,Cc1ccc(S(=O)(=O)NCCCCCC(=O)O)cc1
J207,1,Cc1ccc(CC=O)cc1C
J847,0,O=[N+]([O-])c1ccc(N=Nc2c(O)ccc3ccccc23)c(Cl)c1
J989,0,CCOC(=O)c1nn(-c2ccc(OC)cc2)c2c1CCN(c1ccc([N+](=O)[O-])cc1)C2=O
A146A578,0,Cc1nn2c(=O)c3ccccc3[nH]c2c1N=Nc1ccc(Cl)cc1[N+](=O)[O-]
J731,0,Nc1ccc(C(=O)O)cc1
J328,0,O=C(C=Cc1ccc(O)cc1)c1ccccc1O
J350,1,N=c1[nH][nH]c(=S)[nH]1
J447,0,N#CS
J777,0,COc1cc(C)c2c(Cl)c(OC)ccc2n1
J513,1,ClC=C(Cl)Cl
J897,1,CC(CC(=O)Cl)CC(C)(C)C
J741,0,CN(C)CCCN1CN(CCCN(C)C)CN(CCCN(C)C)C1
A146A724,0,COCC(C)OCC(C)OC(C)CO
J938,0,Nc1ccc(OC(F)(F)F)cc1
J1201,0,COc1nc(OC)nc(C(=O)c2cccc(F)c2N(C)S(=O)(=O)C(F)F)n1
J182,0,Cc1cc(NCCCn2ccnc2)ccc1N
J330,1,CC(C)C1CCC2C(CCC3C(C)(CO)CCCC23C)C1
A146A664,0,CC12CC(O)C3C4CCC(=O)C=C4CCC3C1CCC2=O
J1240,0,COc1ccc(C(=O)Nc2ccc(C(N)=O)cc2)cc1N
A146A314,1,CCOc1ccc(Cc2cc(C3(OC)OC(CO)C(O)C(O)C3O)ccc2Cl)cc1
J293,0,CCCCBr
J1067,0,C=C(C)C(=O)NCCC[N+](C)(C)CC(=O)NCCC[N+](C)(C)CC(O)C[N+](C)(C)C
J1285,0,Cc1cccc(Nc2cc3c(nc4ccc(N(CCO)CCO)cc4[n+]3-c3ccccc3)c3ccccc23)c1
J442,1,Nc1ccc(CCNCC(O)c2ccccc2)cc1
J871,0,CC(=O)CCCN1C(=O)c2ccccc2C1=O
A146A923,0,COc1cc(NC(=O)C(=NNc2ccc(-c3ccc(NN=C(C(C)=O)C(=O)Nc4ccc(C)cc4C)c(Cl)c3)cc2Cl)C(C)=O)c(OC)cc1Cl
J755,1,CCC=C1OC(=O)c2ccccc21
J4,1,CCCCCCCCCCCC(=O)NCCC[N+](C)(C)C
J195,0,COC(=O)c1ccc(C(=O)Nc2cc(Cl)ccc2Cl)cc1N=Nc1c(O)c(C(=O)Nc2ccccc2OC)cc2ccccc12
J1076,0,Cc1cc([N+](=O)[O-])ccc1N=Nc1c(O)c(C(=O)Nc2ccccc2C)cc2ccccc12
A146A917,0,Cc1c2ccc(Nc3ccnc(Cl)n3)cc2nn1C
J171,0,CCCCCCCCCCCCCCCCOS(C)(=O)=O
J528,0,CCCC(c1cc(C(C)(C)C)c(O)cc1C)c1cc(C(C)(C)C)c(O)cc1C
A146A345,1,O=C1Cc2ccccc2O1
J21,0,CCCCCCCCOS(=O)(=O)O
J1246,0,c1ccc2scnc2c1
J271,0,c1ccc(OCCOc2ccccc2)cc1
J753,0,O=C(O)c1nc(Cl)ccc1Cl
J269,1,Cc1c(C)c2c(c(C)c1O)CCC(C)(CCCC(C)CCCC(C)CCCC(C)C)O2
J485,1,Cc1ccc(N2C(=O)C=CC2=O)cc1N1C(=O)C=CC1=O
J41,1,CC1C(C)(C)C2=C(C(=O)CCC2)C1(C)C
J1074,0,CC(=O)C(=NNc1ccc(-c2ccc(NN=C(C(C)=O)C(=O)Nc3ccccc3)c(Cl)c2)cc1Cl)C(=O)Nc1ccccc1
J1045,0,O=[PH](=O)(O)CN(CCO)C[PH](=O)(=O)O
J115,0,Oc1ccc(O)[nH]1
J307,0,CC(CO)CCCC1CCCCC1
J42,0,COc1ccc2cc(C=O)ccc2c1
J28,0,COc1cc(CC#N)c([N+](=O)[O-])cc1C(F)(F)F
J51,0,C[N+](C)(C)CC(O)CC(N)=O
J1117,0,COc1cc2[nH]c(=O)c(=O)[nH]c2cc1N
J682,0,OCC(CO)(CO)COCC(CO)(CO)CO
J331,0,CCN(CC)C(=O)c1cccc(C)c1
J239,1,C=COCCCCCCCCCCCCCCCCCC
J450,1,CC(=O)C1(C)CC2=C(CCCC2(C)C)CC1C
J460,1,CCOC(=O)CC1CC2CCC(C1)N2C
J900,0,CC(C)(C)C(=O)C(Oc1ccc(Cl)cc1)n1ccnc1
J1105,1,C=CC(C)=CCC1OC1(C)C
J80,1,O=c1occo1
J505,0,CCC(C)(C)O
J1259,1,CCC(C=O)CC
J587,0,CC(C)C(=O)OCCOc1ccccc1
J112,0,CCn1c(O)c(CS(=O)(=O)O)c(C)c(N=Nc2ccc(S(=O)(=O)c3ccc(N=Nc4c(C)c(CS(=O)(=O)O)c(O)n(CC)c4=O)cc3)cc2)c1=O
J474,0,OCCN1CCOCC1
J667,0,CC(=O)Nc1ccc(NC(=O)c2cc3ccccc3c(N=Nc3cc(C(N)=O)ccc3Cl)c2O)cc1
J1055,0,CC(Cl)COP(=O)(OCC(C)Cl)OCC(C)Cl
J313,1,CCCOC(=O)c1cc(O)c(O)c(O)c1
J166,0,CCCCNS(=O)(=O)c1ccccc1
J1079,1,CCCCCCC=CC(C(C)=O)C(=O)OCC
J199,0,CCOC(=O)c1[nH]n(-c2ccccc2)c(=O)c1N=Nc1ccc(-c2ccc(N=Nc3c(C(=O)OCC)[nH]n(-c4ccccc4)c3=O)c(Cl)c2)cc1Cl
J836,1,O=c1[nH]sc2ccccc12
J1032,1,Cc1ccc(N=C=O)cc1N=C=O
J420,0,CCC(N)c1ccccc1
J927,0,CCCCCCC(O)CCCCCCCCCCC(=O)NCCCCCCNC(=O)CCCCCCCCCCC(O)CCCCCC
J159,0,COc1ccc(OC)c(NC(C)=O)c1
J1119,0,Cc1ccc(S(N)(=O)=O)cc1
J1166,0,Nc1ccc(S(=O)(=O)c2ccc(N)cc2)cc1
J348,1,CC(C)N(C(=O)CNc1ccccc1Nc1ccccc1)c1ccccc1
J432,1,Cc1cccc(O)c1O
J536,1,CCCCNC(=O)OC#CCI
J1081,0,C1COCO1
J530,1,CCCCCn1c(=O)[nH]c(=O)c2[nH]c(Cl)nc21
J740,0,Cc1ccc(-n2[nH]c(C)c(N=Nc3ccc(-c4ccc(N=Nc5c(C)[nH]n(-c6ccc(C)cc6)c5=O)c(Cl)c4)cc3Cl)c2=O)cc1
J517,0,CC(C)(OOC(C)(C)c1ccccc1)c1ccccc1
J637,0,C=CC(=O)NCCC[Si](O[Si](C)(C)C)(O[Si](C)(C)C)O[Si](C)(C)C
A146A889,0,Nc1cc(Cl)nc(C(=O)O)c1Cl
J223,0,CCN(CC)c1ccc(C=C(C#N)C(=O)OCCC[N+](C)(C)CCOC(=O)C(C#N)=Cc2ccc(N(CC)CC)cc2)cc1
J162,0,CCO[Si](OCC)(OCC)N(CC)CC
J32,1,N#CCCNCCCCCCNCCC#N
A146A769,0,O=CC(OC(C=O)C(O)C(O)C(O)CO)C(O)C(O)C(O)CO
J1207,1,O=[N+]([O-])c1cc([N+](=O)[O-])c(Cl)c([N+](=O)[O-])c1
J124,1,CC=CC=CC=O
J896,1,CC1C(C)(C)C2=C(C3OCOCC3CC2)C1(C)C
J625,1,NCCNCCN
J1059,0,COCOCC(CO)(CO)CO
J690,0,COc1cc(OC)n2[nH]c(=N)nc2n1
J444,0,C=CCOCC(O)CS(=O)(=O)O
J1221,0,COc1ccc(NC(=O)c2cc3ccccc3cc2O)cc1
J656,0,Nc1cccc(S(=O)(=O)O)c1
J743,0,COc1cc([N+](=O)[O-])ccc1NN=C(C(C)=O)C(=O)Nc1cc(Cl)ccc1OC
J149,0,NCC1OC(OC2C(N)CC(N)C(OC3OC(CO)C(O)C(N)C3O)C2O)C(O)C(O)C1O
J370,0,CCCOc1ccc(C=CC(=O)N2C(=O)N(C)C(C)C2c2ccccc2)c(C(=O)c2ccc(OC)cc2OCc2ccccc2)c1
J1275,0,CC(C)(C)OC(=O)N1CCCC1c1nc(-c2ccc(-c3ccc(-c4c[nH]c(C5CCCN5C(=O)OC(C)(C)C)n4)cc3)cc2)c[nH]1
J1015,0,OCC1CO1
J1234,1,O=C(Oc1ccccc1)c1ccccc1
J110,0,CCCCCCCCC=CCCCCCCCCCCCC(N)=O
J172,1,CCCCCCCCCI
J1202,0,NC(C(=O)O)c1ccccc1
J26,1,CC(C)N=C(N)N=C(N)Nc1ccc(Cl)c(Cl)c1
J1161,0,CC(C)C(=O)O
J18,1,ClC(Cl)=C(Cl)Cl
J9,1,CCCCCCBr
J81,1,Oc1ccc(-c2ccc(O)cc2)cc1
J1128,0,Oc1cc2cccc(F)c2[nH]1
J425,0,COCCOCOCCOC
J93,0,O=S(=O)(O)CC(O)CNc1ccccc1
J888,1,O=C(C(=O)c1ccc(Br)cc1)c1ccc(Br)cc1
J127,1,CCOC=C1N=C(c2ccccc2)OC1=O
J270,0,OCC1OC(OCC=Cc2ccccc2)C(O)C(O)C1O
J795,1,Oc1ccccc1N=Nc1ccccc1O
J864,0,CC(C)N(C(=O)Cn1c(=O)c(=NOCc2ccccc2)c(=O)n(-c2ccccc2)c2ccccc21)c1ccccc1
J723,1,NCc1cccc(CN)c1
J65,1,O=[N+]([O-])c1cc(O)ccc1NCCO
J465,1,CC(C)C1OCCN1CCOC(=O)NCCCCCCNC(=O)OCCN1CCOC1C(C)C
J246,0,O=C1CCCO1
J722,0,Cc1cccc(C)c1OP(=O)(Oc1ccc(-c2ccc(OP(=O)(Oc3c(C)cccc3C)Oc3c(C)cccc3C)cc2)cc1)Oc1c(C)cccc1C
A146A838,0,Nc1nc(N)nc(-c2ccccc2)n1
J590,1,CC12CCC(C(=O)C1=O)C2(C)C
J698,1,CC(C)C1CC=C(CCC=O)CC1
J155,0,N#CCCOc1ccccc1
A146A444,1,CC(C)CCCCCC(=O)Cl
J747,0,COC(=O)c1ncc[nH]c1=N
J275,0,COC(=O)CC(C)=O
J704,1,CC1CCC(C(C)C)C(=O)C1
J1251,1,OCC(O)CS
J226,0,O=C1NS(=O)(=O)c2ccccc21
J648,0,Cc1cc(=O)n(-c2cccc(S(=O)(=O)O)c2)[nH]1
J837,1,CCN(CCCl)c1ccc(C=O)cc1
J877,1,OCCCCCCCCCCCCBr
J497,1,CCN(CC)CCCCCCO
J462,1,Cc1c2ccccc2c(C)c2c1ccc1ccccc12
J1123,1,CCC(C)CC1CCC(O)CC1
J1265,0,COC(=O)c1ccc(O)cc1
J1148,1,Cc1cc(C)c(C(=O)P(=O)(c2ccccc2)c2ccccc2)c(C)c1
A146A1016,0,CCCCCCCCCc1ccc(OP(Oc2ccc(CCCCCCCCC)cc2)Oc2ccc(CCCCCCCCC)cc2)cc1
A146A905,0,COC(=O)c1nccnc1N
J1103,0,OCC1(CO)COCOC1
J381,1,CCCCCCCCCCCCS(=O)(=O)OC
J1042,0,COC(=O)c1ccc(NC(=O)c2cc(Cl)ccc2Cl)cc1N
J1195,0,CCN(CC)c1ccc(C=C2OC(=NC3CCCCC3)N(C3CCCCC3)C2=O)c(OC)c1
J932,0,Cc1c2ccc(N)cc2nn1C
J122,1,CCOC(=S)S
J987,1,O=c1cccccc1O
J69,0,CS(C)=O
J773,0,CC(C=O)(CO)CO
J280,0,BrCCBr
J555,1,Nc1ccc(Cl)c(Cl)c1
J634,0,CC1CC(NC(N)=O)NC(=O)N1
J1262,0,CC(C)(C)c1ccc(OP(=O)(Oc2ccccc2)Oc2ccccc2)cc1
A146A627,0,BrC1CC(Br)CC(Br)CC(Br)CC(Br)CC(Br)C1
J116,1,O=C(O)CS
J480,0,Cc1cccc(C)c1C(=O)O
J647,0,COc1ccc(C)cc1[N+](=O)[O-]
J563,1,Clc1ncnc2ccc(I)cc12
J680,1,CC(C)CC1CCC(CCC=O)CC1
J721,0,CCCCCCCCCC(=O)NCCNC(=O)CCCCCCCCCCC(O)CCCCCC
A146A374,1,Nc1nc(-c2ccc3ccccc3c2)cs1
J593,1,OCC=Cc1ccccc1
J844,0,C=CC(=O)OCCC(F)(F)C(F)(F)C(F)(F)C(F)(F)C(F)(F)C(F)(F)C(F)(F)C(F)(F)F
J1190,0,CC1CCC(C(C)C)C(C(=O)NCCc2ccccn2)C1
J231,0,OCC1COCO1
J554,1,Cc1ccccc1C
J1247,1,Clc1ccccc1Cl
J730,1,C=CC(=O)OCC(CCC)CCCCC
J1242,1,O=C(OOC(=O)c1ccccc1)c1ccccc1
J319,0,CCCCCCCC(=O)O
J316,0,CC(=O)OCCCc1ccccc1
J6,0,NCCC(=O)O
J457,1,CCCCCCCCCCCCCCOC(=O)Cl
J308,0,CC1(C)COC2(CCC3C4CCC5=CC6(CCC5C4C(=O)CC32C)SCCS6)OC1
J374,1,O=c1ccc2cc(Cl)ccc2o1
J1022,1,CC(=O)CC(=O)c1ccc(C)cc1C
J30,1,Cc1ncccc1Oc1ccc(N)cn1
J546,0,CC(CO)CC(C)c1ccccc1
J529,1,COc1ccc(C)cc1C(CCN(C(C)C)C(C)C)c1ccccc1
J629,0,CCCCOCCOC(C)=O
A146A525,1,CC(C)CCCCCCCOP(OCCCCCCCC(C)C)OCCCCCCCC(C)C
J1120,0,CCCCOCCOCCOC(=O)CCC(=O)OCCOCCOCCCC
J372,1,CCCCOC(=O)c1ccc(C(=O)OCCCC)cc1
A146A1011,0,O[Si]12O[Si]3(O)O[Si](O)(O1)O[Si](O)(O2)O3
J289,1,O=C1C=CC(=O)O1
J1001,0,O=C(c1ccc(Oc2ccccc2)cc1)c1ccc(C(=O)c2ccc(Oc3ccccc3)cc2)cc1
J597,1,CCC(C)C1CCCc2cccnc21
J1046,1,NC(Cc1ccc(O)cc1)C(O)O
J79,0,CC1CCC(C(C)C)C(OCC(O)CO)C1
J997,0,O=C1CCCCCN1C(=O)Nc1ccc(Cc2ccc(NC(=O)N3CCCCCC3=O)cc2)cc1
A146A449,1,COC(=O)c1nc(Cl)c(Cl)nc1N
J1129,0,Cc1cc2[nH]c(=O)[nH]c2cc1N=Nc1c(O)[nH]c(=O)[nH]c1=O
J550,0,O=c1[nH]c2ccccc2s1
J994,0,CC(C)(C)C(=O)O
J119,1,CC(=O)C(=O)CC(C)C
J860,0,n1n[nH]c(-c2nn[nH]n2)n1
J785,0,CC(=O)OCCOC(C)C
A146A902,0,O=C1C=CC(=NNc2ccccn2)C(O)=C1
J1101,0,COc1ccc(C(=O)Nc2ccccc2)cc1N=Nc1c(O)c(C(=O)Nc2cc(Cl)ccc2C)cc2ccccc12
J1274,0,COc1ccc2[nH]c(=O)cc(C)c2c1
J544,0,N=c1nc(-c2ccccc2)[nH]c(=N)[nH]1
J1053,1,Nc1ccc(O)cc1[N+](=O)[O-]
J1131,0,CCOC(=O)C(Cc1ccc(O)cc1)NC(=O)OC(C)(C)C
J885,0,CC(=O)C(O)N(C)C
J415,0,OCC(CBr)(CBr)CBr
J1072,0,COc1cc([N+](=O)[O-])ccc1NN=C(C(C)=O)C(=O)Nc1ccccc1OC
J187,0,Oc1ccc(C2COc3cc(O)ccc3C2)cc1
J921,1,O=C(CCl)c1ccc(Cl)cc1Cl
J84,1,CCc1nc(C)c[nH]1
J944,0,CC(C)(C)OC(=O)NC(C(=O)O)C(c1ccc(F)cc1)c1ccc(F)cc1
J161,1,CCOC(=O)C1=C(C)C=CCC1(C)C
J999,0,O=CCC=O
J351,1,CCCCCCCCC(=O)NCCC(CCC(=O)O)c1ccccc1S(=O)(=O)O
J413,0,C=CC(=O)OCC(CO)(COC(=O)C=C)COC(=O)C=C
J1235,1,CCCCCCCCCCCC(=O)OCC(C)(C)C=NCCOCCO
J532,1,Oc1cccc(O)c1O
J191,0,CC(=O)CC(N)=O
J632,1,CCCCCCCCCCCCCCCCCCBr
J386,0,CS(=O)(=O)c1ccc(F)c(C(=O)O)c1
J525,0,CC(c1ccccc1)c1ccc(O)cc1O
J568,1,C=COC(=O)C(CC)CCCC
J751,0,CC(O)CN
J771,1,C=C1CCC2CC1C2(C)C
J620,1,CCCCCCCCCC(C)C=O
J1279,0,S=c1[nH]c2ccccc2o1
J692,1,O=CCC1CC2CC1C1CCCC21
J977,0,C[N+](C)=CCC(O)CC(N)=O
A146A945,0,CC(=O)C=C(C)O
J1023,1,C=CCCC(=O)C1=CCCC(C)(C)C1
J225,0,CCN(CC)CCCN=c1[nH]c(=NCCCN(CC)CC)[nH]c(=Nc2ccc3c(O)c(N=Nc4ccc5[nH]c(=O)[nH]c5c4)c(S(=O)(=O)O)cc3c2)[nH]1
J178,0,O=C1CCCCCO1
J794,1,CCC(C)(C)c1ccccc1
J464,1,CC(Br)CCCN1C(=O)c2ccccc2C1=O
J726,1,CC(CN)CCCCCCN
J400,1,Nc1ccc(N(CCO)CCO)cc1[N+](=O)[O-]
J264,1,C1N2CN3CN1CN(C2)C3
J878,1,CCCCCCCCCCCCCCCCCCCl
J928,0,CNC(C)c1cccc(OC)c1
J49,1,c1ccc2c(c1)cc1ccc3cccc4ccc2c1c34
J56,0,CC(C)CCCC(C)C1CCC2C3CC=C4CC(O)CCC4(C)C3CCC12C
J572,0,O=C(Nc1ccc2[nH]c(=O)[nH]c2c1)c1cc2ccccc2c(N=Nc2cc(Cl)ccc2Cl)c1O
J1171,0,O=C(O)CCCCCN=c1[nH]c(=NCCCCCC(=O)O)[nH]c(=NCCCCCC(=O)O)[nH]1
J787,0,CC1(C2CCC3C4=CC=C5CC6(CCC5(C)C4CCC32C)OCCO6)OCCO1
J109,1,CCCCCCCCCCCCCCCC(=O)Cl
J662,1,CC(=O)C=Cc1ccccc1
J804,0,O=C(Nc1ccccc1)Nc1ccccc1NS(=O)(=O)c1ccccc1
J1219,0,Cc1ccc2oc(=O)ccc2c1
J1084,1,O=C(Cl)c1ccc(F)c(Cl)c1
J163,1,CCCCCCCCCCCCCCCCCBr
A146A886,0,CCOC(=O)c1nnc[nH]1
J1108,1,CCCCCCCCCCCBr
J403,1,CC(C)(C)c1ccc(OCC2CO2)cc1
J876,1,O=C1OC2(c3ccc(O)cc3Oc3cc(O)ccc32)c2ccc(N=C=S)cc21
J435,0,Cc1ccc(-n2[nH]c(C)c(N=Nc3cccc(-c4cccc(C(=O)O)c4)c3O)c2=O)cc1C
J911,0,CCOC(=O)OCCOc1cc(O)c2c(c1N)C(=O)c1ccccc1C2=O
A146A853,0,CCC(=O)OC1(C(=O)CO)C(C)CC2C3CCC4=CC(=O)C=CC4(C)C3(Cl)C(O)CC21C
J856,0,CC(=O)C(N)C(O)O
J992,1,C(=NC1CCCCC1)=NC1CCCCC1
J694,0,O=c1oc(C(O)CO)c(O)[c-]1O
J539,1,O=c1c(-c2ccccc2)c1-c1ccccc1
J867,0,CCOc1ccc(NC(=O)C(=NNc2ccc(-c3ccc(NN=C(C(C)=O)C(=O)Nc4ccc(OCC)cc4)c(Cl)c3)cc2Cl)C(C)=O)cc1
J663,1,O=CCc1ccccc1
J383,1,CC(C)(C)N(CC(=O)c1ccc(O)c(CO)c1)Cc1ccccc1
J638,1,O=C(Nc1ccc(Cl)c(Cl)c1)c1cc(Cl)cc(Cl)c1O
J20,0,CCCC1CC(C)(OC(C)=O)CCO1
J146,1,C=CC(C)CCC=C(C)C
J306,1,CCCCCCCCC=CCCCCCCCC(=O)O
A146A40,1,CN(C)C(=S)SSC(=S)N(C)C
J19,0,CC=NC=O
J617,1,C=C(C)C(=O)OCCOCCOCCOC(=O)C(=C)C
J605,1,C=CC(=O)OCC(C)C
J609,0,COc1cc(C)c2c(Oc3cccc(C(F)(F)F)c3)c(OC)cc(NC(C)CCCN3C(=O)c4ccccc4C3=O)c2n1
J1007,1,CC(C)C1CCC(CO)CC1
J88,0,O=C(O)c1ccc(O)cc1
J174,0,NS(=O)(=O)c1cccc(CCCCOCCCCCCBr)c1
J931,0,Cc1ccc(N=c2nc(N(C)c3ccc4c(C)n(C)nc4c3)cc[nH]2)cc1S(N)(=O)=O
J853,0,CCCCCCCCCCCCCC[Si](C)(O[Si](C)(C)C)O[Si](C)(C)C
J577,1,FC(F)CNCc1ccc(Cl)nc1
J633,0,CCCCOCCOCCOCCOCCOCCCC
J253,0,CC(C)c1c(C(=O)Nc2ccccc2)c(-c2ccccc2)c(-c2ccc(F)cc2)n1CCC1CC(CC(=O)OC(C)(C)C)OC2(CCCC2)O1
J1137,0,CC(=O)C(=NNc1ccc(C(=O)Nc2ccc(C(N)=O)cc2)cc1)C(=O)Nc1ccc2[nH]c(=O)[nH]c2c1
J975,0,O=C(C(O)C(O)O)C(O)C(O)CO
J54,1,C=C(C)C1CCC(C)=C(N=O)C1
J14,0,CC(O)COc1ccc(C(C)(C)c2ccc(OCC(C)O)cc2)cc1
A146A977,0,CCCCCCCCCC(=O)O
J139,1,CC(C)CC=C(C=O)c1ccccc1
J592,1,CC=Cc1ccc(OC)cc1
J202,0,OCCC(F)(F)C(F)(F)C(F)(F)C(F)(F)C(F)(F)C(F)(F)F
A146A666,0,c1nnc[nH]1
J342,1,COC(=O)c1nc(Cl)c(Cl)[nH]c1=N
A146A500,1,CC(C)CCCCCCCOP(OCCCCCCCC(C)C)Oc1ccccc1
J283,1,NCCN
J209,1,O=[N+]([O-])c1ccc(F)c([N+](=O)[O-])c1
J1085,0,COc1ccc(NN=C(C(C)=O)C(=O)Nc2ccccc2OC)c([N+](=O)[O-])c1
J985,1,Nc1ccc(N)c([N+](=O)[O-])c1
J104,1,C1=COCCC1
J168,0,CCCCCCCCCCCCCCCCCCOP1OCC2(CO1)COP(OCCCCCCCCCCCCCCCCCC)OC2
J1116,0,Cc1ccc(N)cc1S(N)(=O)=O
J495,0,O=C(O)c1ccccc1O
J1224,0,CCC(C)c1cc(S(=O)(=O)O)cc(-n2nc3ccccc3n2)c1O
J710,1,CCCCCCCCCCCCBr
J456,0,CCCCCCCC(=O)OCCCOC(=O)CCCCCCC
J1075,0,OCC(O)c1oc(O)c(O)c1O
J981,0,COc1cc(NC(=O)c2cc3ccccc3c(N=Nc3cc(C(=O)Nc4ccccc4)ccc3OC)c2O)c(OC)cc1Cl
J210,0,Cc1ccc(C(=O)Nc2ccc(S(=O)(=O)O)cc2)cc1N
J855,1,O=c1c(O)c(O)c1=O
J1008,0,CC1(C)SC2C(N)C(=O)N2C1C(=O)O
J1250,0,Cc1ccc(-n2nccn2)c(C(=O)O)c1
J524,1,CCOP(=O)(C(=O)c1c(C)cc(C)cc1C)c1ccccc1
J58,1,C=C(C)C1CC=C(C)CC1
J496,1,NC1CCCCC1N
J262,0,CNc1ccccc1
J118,0,C=CCCCCCCCC(=O)N(C)C
J68,1,C=COCCCN
J841,0,CCN1CCCC1=O
J367,1,COc1cc(C)c2c(Cl)c(OC)cc([N+](=O)[O-])c2n1
J1236,1,CCCCCCCCCCCC(=O)OCC(C)(C)C=NCC1(C)CC(N=CC(C)(C)COC(=O)CCCCCCCCCCC)CC(C)(C)C1
J624,1,O=CCCCC=O
J1146,0,CNC(=O)c1cc(Oc2ccc(N)c(F)c2)ccn1
J891,0,CC(C)N(C#N)C#N
J230,0,CC(C)(C)c1[nH]n(-c2cc(C(=O)O)cc(C(=O)O)c2)c(=N)c1N=Nc1nnc(SCCSc2nnc(N=Nc3c(C(C)(C)C)[nH]n(-c4cc(C(=O)O)cc(C(=O)O)c4)c3=N)s2)s1
A146A642,0,COc1cc(C(=O)C=C(O)C(C)(C)C)cc(OC)c1OC
J973,1,Cc1nc2ccccc2c(=O)o1
J798,0,CCCCCCCCCCCCCCCC(=O)C(CCCCCCCCCCCCCC)C(=O)NCCO
J913,0,CC1(C)COP(=S)(OP2(=S)OCC(C)(C)CO2)OC1
J1041,0,COc1cc(OC)c(NC(=O)c2cc3ccccc3c(N=Nc3cc(C(=O)Nc4ccc(C(N)=O)cc4)ccc3OC)c2O)cc1Cl
J397,0,O=S(=O)(O)c1ccc(N=c2[nH]c(N3CCOCC3)nc(=Nc3ccc(C=Cc4ccc(N=c5nc(N6CCOCC6)[nH]c(=Nc6ccc(S(=O)(=O)O)cc6)[nH]5)cc4S(=O)(=O)O)c(S(=O)(=O)O)c3)[nH]2)cc1
J1188,0,COc1cc(NC(=O)C(C#N)C=Nc2ccc(OC)c(OCCCN3CCN(C)CC3)c2)c(Cl)cc1Cl
J217,0,C=CC(=O)NCCO
J375,1,CON=C1CN(c2nc3c(cc2F)c(=O)c(C(=O)O)cn3C2CC2)CC1CN
J477,1,CCCCCCCCCCCCC
J103,1,CCCC1(C(C)(C)C)C=CC(C)O1
J1121,0,Cc1cc(S(=O)(=O)O)c(N=Nc2c(O)c(C(=O)O)cc3ccccc23)cc1Cl
J1126,0,N=c1cc[nH]c(=O)[nH]1
J481,0,Nc1cc(Cl)c(Cl)cc1S(=O)(=O)O
J955,0,NCCC[S+](O)O
J1253,1,C=CC(=O)OC
J1035,0,O=C(Nc1ccc(Cc2ccc(NC(=O)NC3CCCCC3)cc2)cc1)NC1CCCCC1
J820,0,CCOc1ccccc1NC(=O)C(=O)Nc1ccccc1CC
J53,0,CC1=CC(=O)NS(=O)(=O)O1
J1269,1,CC=CC(CC)=NO
J411,0,CCC(=O)c1cccc(Cl)c1
J405,0,c1ccc(-c2ccc(-c3nc(-c4ccc(-c5ccccc5)cc4)nc(-c4ccc(-c5ccccc5)cc4)n3)cc2)cc1
J823,1,CCCCCCCCCCCCCCCl
J559,1,C=CCc1ccc(O)c(OC)c1
A146A73,0,CNC1C(OC2C(OC3C(O)C(O)C(NC(=N)N)C(O)C3NC(=N)N)OC(C)C2(O)C=O)OC(CO)C(O)C1O
J46,0,O=C(O)c1c(O)c(-c2ccccc2)nc2ccccc12
J169,1,CCC(CC)CC1(C(=O)O)CCCCC1
A146A303,1,C=CC(=O)OCCOCC(CC)(COCCOC(=O)C=C)COCCOC(=O)C=C
J1164,0,CC(=O)C(O)O
J25,1,CC(C)(C)C1CCC(OC(=O)OOC(=O)OC2CCC(C(C)(C)C)CC2)CC1
J907,1,Clc1ccnc(Cl)n1
J430,0,CC(C)(O)C(=O)c1ccc(Cc2ccc(C(=O)C(C)(C)O)cc2)cc1
A146A439,1,O=C(CS)OCC(O)CO
J152,0,C=CC(=O)NC(C)(C)CC(C)=O
J1125,0,CC(C)(C)OC(=O)NC(C(=O)N1C(C#N)CC2CC21)C12CC3CC(CC(O)(C3)C1)C2
J744,0,C=CC(=O)NC(C)(C)CC(C)(C)C
