ID,label,SMILES,ALogP,Mw,TPSA
J73,Sensitizer,Nc1ccc(OCCCOc2ccc(N)cc2N)c(N)c1,1.8633,288.351,122.54
J1261,Non-sensitizer,Cc1ccc2[nH]c3cc4c(=O)c5cc(C)ccc5[nH]c4cc3c(=O)c2c1,4.29284,340.382,65.72
J868,Non-sensitizer,CCCCOC(=O)c1ccccc1N=Nc1c(O)c(C(=O)Nc2ccc3[nH]c(=O)[nH]c3c2)cc2ccccc12,6.3396,523.549,149
J672,Non-sensitizer,CC(=O)CC(C)=O,0.5545,100.117,34.14
J1223,Non-sensitizer,COc1cc2c(cc1OC)C(C)(C)C(=Cc1ccccc1)C2=O,4.2613,308.377,35.53
J619,Sensitizer,O=C(O)C=CC(=O)O,-0.2882,116.072,74.6
J518,Non-sensitizer,CCC(F)(F)C(F)(F)C(F)(F)C(F)(F)C(F)(F)C(F)(F)F,5.1352,348.102,0
J7,Sensitizer,CN(C)CCCN,-0.1032,102.181,29.26
J1194,Non-sensitizer,CCCCOC(=O)c1ccccc1C(=O)OCc1ccccc1,4.0005,312.365,52.6
J228,Sensitizer,CC(C)COC(=O)C(C)Cl,1.8129,164.632,26.3
J797,Non-sensitizer,O=C1c2c(Cl)c(Cl)c(Cl)c(Cl)c2C2=Nc3cccc4cccc(c34)N12,6.5055,408.071,32.67
J683,Sensitizer,CC(C)CC(C)(O)C#CC(C)(O)CC(C)C,2.584,226.36,40.46
J10,Non-sensitizer,OCCOCCO,-1.0124,106.121,49.69
A146A824,Non-sensitizer,Cc1ccc(Nc2nccc(N(C)c3ccc4c(C)n(C)nc4c3)n2)cc1S(N)(=O)=O,3.13904,437.529,119.03
J519,Sensitizer,O=C=NCCCCCCN=C=O,1.2184,168.196,58.86
J660,Non-sensitizer,COc1cc(-c2cc(OC)cc(C(C)(C)C)c2Op2oc3ccccc3c3ccccc3o2)c(Op2oc3ccccc3c3ccccc3o2)c(C(C)(C)C)c1,14.8568,786.798,89.48
J385,Sensitizer,Cc1ccc(O)c(-n2nc3ccccc3n2)c1,2.43452,225.251,50.94
J218,Non-sensitizer,O=C1OC(c2ccc(O)cc2)(c2ccc(O)cc2)c2ccccc21,3.5601,318.328,66.76
J108,Sensitizer,CCCCCCCCCCCCS,4.8371,202.407,0
J561,Non-sensitizer,S=C(SSSSSSC(=S)N1CCCCC1)N1CCCCC1,6.5022,448.842,6.48
J288,Sensitizer,Oc1ccc(O)o1,0.6908,100.073,53.6
J266,Sensitizer,CCCCC(O)C(N)CC,1.2748,145.246,46.25
J1043,Non-sensitizer,CNC(N)=O,-0.7155,74.083,55.12
J1215,Sensitizer,O=C1Nc2ccccc2C1=O,0.8214,147.133,46.17
J569,Non-sensitizer,Cc1ccc(N=Nc2c(O)c(C(=O)O)cc3ccccc23)c(S(=O)(=O)O)c1,4.21412,386.385,136.62
J1162,Non-sensitizer,C=C(C)C(N)=O,0.0478,85.106,43.09
J1200,Sensitizer,CCC=CCC(C)OC(=O)c1ccccc1O,3.2938,234.295,46.53
J220,Sensitizer,N#CC(=O)c1cccc(Cl)c1Cl,2.69968,200.024,40.86
J341,Sensitizer,O=C(O)C(=O)O,-0.8444,90.034,74.6
A146A337,Sensitizer,C=CC(=O)OCCCOCC(C)(C)COCCCOC(=O)C=C,2.2844,328.405,71.06
A146A1000,Non-sensitizer,O=C(O)C(O)C(O)C(O)C(O)CO,-3.4931,196.155,138.45
J1248,Sensitizer,Cc1cc(N)ccc1N,1.15942,122.171,52.04
A146A524,Sensitizer,CC(C)CCCCCCCCCCOP(OCCCCCCCCCCC(C)C)OCCCCCCCCCCC(C)C,14.7638,629.048,27.69
J659,Non-sensitizer,O=C(C1CCC(C(=O)N(CCO)CCO)CC1)N(CCO)CCO,-1.5808,346.424,121.54
A146A229,Sensitizer,CC(O)=CC(=O)c1cc(C)c(C)c(C)c1C,3.56478,218.296,37.3
J537,Sensitizer,CN(C)Cc1cc(C(C)(C)C)c(O)c(C(C)(C)C)c1,4.0488,263.425,23.47
J1095,Non-sensitizer,CC(C)O,0.3871,60.096,20.23
J286,Sensitizer,Nc1c(OCCO)nn2ccccc12,0.2876,193.206,72.78
J1283,Non-sensitizer,O=C(O)CCC(=O)O,-0.0642,118.088,74.6
J790,Non-sensitizer,O=CNc1cc(C(O)CBr)ccc1OCc1ccccc1,3.2622,350.212,58.56
J935,Non-sensitizer,COc1ccccc1NC(=O)C(=NNc1ccc(-c2ccc(NN=C(C(C)=O)C(=O)Nc3ccccc3OC)c(Cl)c2)cc1Cl)C(C)=O,6.6688,689.556,159.58
J179,Non-sensitizer,CC(C)NO,0.3736,75.111,32.26
J451,Sensitizer,CNc1ccc(O)cc1,1.4339,123.155,32.26
J511,Non-sensitizer,O=S(O)O,-0.3189,82.08,57.53
J1026,Non-sensitizer,Oc1[nH]c(O)c2c1CCC2,0.9146,139.154,56.25
J1056,Non-sensitizer,O=c1[nH]c2ccccc2[nH]1,0.8562,134.138,48.65
J600,Non-sensitizer,C=C(C)C(=O)OCCOCCC[Si](C)(C)O[Si](C)(C)O[Si](C)(C)O[Si](C)(C)O[Si](C)(C)CCCC,6.8945,583.108,72.45
A146A815,Non-sensitizer,Cc1cccc2[nH]c(=S)[nH]c12,2.53391,164.233,31.58
J729,Sensitizer,S=c1[nH]c2ccccc2s1,2.95889,167.258,15.79
J558,Non-sensitizer,CC1CCCO1,1.1853,86.134,9.23
J404,Sensitizer,C=CC(=O)OCCOC,0.362,130.143,35.53
J509,Sensitizer,COS(=O)(=O)OC,-0.476,126.133,52.6
J258,Sensitizer,O=[N+]([O-])c1ccc(CBr)cc1,2.4897,216.034,43.14
J132,Sensitizer,Cc1cc(=O)n(-c2ccc(C)c(C)c2)[nH]1,2.09086,202.257,37.79
J1138,Non-sensitizer,NC(=O)c1ccc(NC(=O)c2ccc(N)cc2)cc1,1.62,255.277,98.21
J1106,Non-sensitizer,O=C1c2ccccc2C2=Nc3cccc4cccc(c34)N12,3.8919,270.291,32.67
J398,Non-sensitizer,CCCCC(CC)COC(=O)CCC(=O)OCC(CC)CCCC,5.2858,342.52,52.6
J1150,Non-sensitizer,COC(=O)C1CCCC(C)C1,1.9857,156.225,26.3
J1098,Non-sensitizer,CC(=O)C(=NNc1ccccc1C(F)(F)F)C(=O)Nc1ccc2[nH]c(=O)[nH]c2c1,2.8706,405.336,119.21
J1062,Non-sensitizer,COC(=O)CCCCC(=O)OC,0.8928,174.196,52.6
J1016,Non-sensitizer,COc1cc(NC(=O)C(=NNc2ccc(-c3ccc(NN=C(C(C)=O)C(=O)Nc4cc(OC)c(Cl)cc4OC)c(Cl)c3)cc2Cl)C(C)=O)c(OC)cc1Cl,7.9928,818.498,178.04
J448,Sensitizer,N#CSc1ccc(N)c([N+](=O)[O-])c1,1.75018,195.203,92.95
J615,Sensitizer,Oc1cccc(O)c1,1.0978,110.112,40.46
J241,Non-sensitizer,CC1CCOC(c2ccccc2)C1,3.1742,176.259,9.23
J1204,Sensitizer,CC(O)c1c(Cl)ccc(F)c1Cl,3.1858,209.047,20.23
A146A537,Non-sensitizer,CC(=O)C1=C(O)CCCC1,1.9615,140.182,37.3
J1069,Non-sensitizer,CC(=O)CC(=O)Nc1ccc(S(=O)(=O)O)cc1,0.8509,257.267,100.54
J700,Sensitizer,CC1C(C)(C)C2CCc3cncnc3C2C1(C)C,3.8247,244.382,25.78
J295,Non-sensitizer,C1CCOC1,0.7968,72.107,9.23
J13,Non-sensitizer,C=C1CCC(C(C)C)CC1,3.3888,138.254,0
J501,Sensitizer,CCCCC(CC)C(c1ccc(O)cc1)c1ccc(O)cc1,5.4461,298.426,40.46
J373,Non-sensitizer,OCCCCCCCl,1.7779,136.622,20.23
J821,Non-sensitizer,CC(C)(C)N(Cc1ccccc1)CC(O)c1ccc(O)c(CO)c1,3.2186,329.44,63.93
J715,Non-sensitizer,CCCc1nc(C(C)(C)O)c(C(=O)OCc2oc(=O)oc2C)n1Cc1ccc(-c2ccccc2-c2nnnn2C(c2ccccc2)(c2ccccc2)c2ccccc2)cc1,8.48362,800.916,151.3
A146A455,Sensitizer,CC(C)NC(=N)NC(=N)Nc1ccc(Cl)c(Cl)c1,2.86244,288.182,83.79
J575,Sensitizer,C=Cc1ccncc1,1.7246,105.14,12.89
J170,Non-sensitizer,COC1OC(COS(=O)(=O)c2ccc(C)cc2)C2OC(C)(C)OC12,1.59172,358.412,80.29
J1191,Non-sensitizer,CCCCOC(=O)CCP1(=O)Oc2ccccc2-c2ccccc21,4.3828,344.347,52.6
J727,Non-sensitizer,O=C1C([P+](c2ccccc2)(c2ccccc2)c2ccccc2)CCN1c1ccccc1,4.786,422.488,20.31
J47,Non-sensitizer,CS(=O)(=O)CCN,-1.0103,123.177,60.16
J140,Non-sensitizer,CC(=O)C(=NNc1cc(Cl)c(-c2cc(Cl)c(NN=C(C(C)=O)C(=O)Nc3ccc(C)cc3C)cc2Cl)cc1Cl)C(=O)Nc1ccc(C)cc1C,9.19208,754.502,141.12
J812,Non-sensitizer,CCCCN(CCCC)CCCC,3.6887,185.355,3.24
A146A956,Non-sensitizer,O=C1OC(C(O)CO)C(O)=C1O,-1.4074,176.124,107.22
J658,Sensitizer,O=CC=C(c1ccccc1)c1ccccc1,3.3172,208.26,17.07
J121,Non-sensitizer,CCCCCCOc1ccc(C(c2ccccc2)(c2ccccc2)c2ccccc2)cc1OCCCCCC,9.9875,520.757,18.46
J212,Non-sensitizer,CC(C)C(N)C(=O)O,0.0543,117.148,63.32
J881,Sensitizer,CCC(COCC1CO1)(COCC1CO1)COCC1CO1,0.629,302.367,65.28
J1029,Sensitizer,CC(=O)C(=O)c1ccccc1,1.4583,148.161,34.14
A146A30,Sensitizer,O=C(NCNC(=O)NC1C(=O)NC(=O)N1CO)NC1C(=O)NC(=O)N1CO,-4.8023,388.297,221.54
A146A863,Non-sensitizer,C1CCCCC1,2.3406,84.162,0
J249,Sensitizer,CC1=CCC(C(C)C)C=C1,3.1648,136.238,0
J706,Non-sensitizer,CCCCC(CC)COC(=O)C=CC(=O)OCC(CC)CCCC,5.0618,340.504,52.6
J588,Sensitizer,BrCCc1ccccc1,2.624,185.064,0
J1272,Non-sensitizer,CC1(C)CC(COS(C)(=O)=O)C(=O)O1,0.3043,222.262,69.67
J707,Sensitizer,CCOC(=O)C=CC(=O)OCC,0.6688,172.18,52.6
J422,Non-sensitizer,COC(=O)c1cc(C(=O)OC)cc(S(=O)(=O)O)c1,0.5065,274.25,106.97
J786,Sensitizer,Clc1cccc(C(Cl)(Cl)Cl)n1,3.5617,230.909,12.89
J1065,Non-sensitizer,C1CCC(NC2CCCCC2)CC1,3.2414,181.323,12.03
J1112,Non-sensitizer,COc1cc([N+](=O)[O-])c(OC)cc1Cl,2.2654,217.608,61.6
J87,Sensitizer,Nc1ccc([N+](=O)[O-])cc1N,0.7592,153.141,95.18
J974,Sensitizer,Cc1cc(O)c(C=O)c(O)c1,1.21872,152.149,57.53
J198,Non-sensitizer,Nc1ccc(S(N)(=O)=O)cc1,-0.0838,172.209,86.18
J282,Non-sensitizer,OCCCl,0.2175,80.514,20.23
J96,Non-sensitizer,Cc1ccc(S(=O)(=O)OC2CCC3(C)C(CCC4C5CCC(=O)C5(C)CCC43)C2)cc1,5.68072,444.637,60.44
J414,Sensitizer,CC(=O)OCCC1=CCC2CC1C2(C)C,2.932,208.301,26.3
A146A102,Sensitizer,CCCCCCCCCCCCC[N+](C)(C)Cc1ccccc1,6.574,318.569,0
J688,Sensitizer,Clc1ccc(C(Cl)(Cl)Cl)c(Cl)c1,4.8201,264.366,0
J229,Non-sensitizer,CCCCOC(=O)c1ccccc1C(=O)OCCCC,3.6004,278.348,52.6
J164,Sensitizer,N#CCCC(Br)(C#N)CBr,2.34236,265.936,47.58
J148,Non-sensitizer,CCCCCCCCCCCCCCCCC(C(=O)CCCCCCCCCCCCCCC)C(=O)NCCO,10.6329,565.968,66.4
J189,Non-sensitizer,COc1cc(N)c2nccc(C)c2c1,2.13402,188.23,48.14
J718,Sensitizer,C=CCCCC=CCOC,2.5453,140.226,9.23
J963,Sensitizer,CCCCCCCCCCCCOS(C)(=O)=O,3.8835,264.431,43.37
J548,Non-sensitizer,OCCOc1ccc2ccccc2c1,2.2109,188.226,29.46
J22,Sensitizer,COc1ccc(OC(=O)c2ccc(OCCCCC3CO3)cc2)cc1,3.8623,342.391,57.29
J623,Sensitizer,CCCCCC#CC(=O)OC,1.7431,154.209,26.3
J1231,Non-sensitizer,CC(=O)CC(=O)Nc1ccccc1C,1.91262,191.23,46.17
A146A368,Sensitizer,COc1cc(Nc2c(C#N)cnc3cc(OCCCN4CCN(C)CC4)c(OC)cc23)c(Cl)cc1Cl,5.19038,530.456,82.88
A146A639,Non-sensitizer,CC(C)(C)OOC(C)(C)c1ccc(C(C)(C)OOC(C)(C)C)cc1,5.6502,338.488,36.92
J57,Sensitizer,C=CC(=O)OC1CC2CCC1(C)C2(C)C,2.9304,208.301,26.3
J1127,Non-sensitizer,O=C(c1ccccc1)C1CCCCC1,3.4496,188.27,17.07
J954,Non-sensitizer,C=CC(=O)NCC(OC)OC,-0.0925,159.185,47.56
J459,Non-sensitizer,O=S(=O)(O)C(F)(F)C(F)(F)C(F)(F)C(F)(F)C(F)(F)C(F)(F)C(F)(F)C(F)(F)F,4.8411,500.126,54.37
J1193,Non-sensitizer,O=C1NC(=O)c2ccccc21,0.5702,147.133,46.17
J829,Non-sensitizer,CC(=O)C(=NNc1ccc(C)cc1[N+](=O)[O-])C(=O)Nc1ccccc1,2.89882,340.339,113.7
A146A688,Non-sensitizer,CC(O)COC(C)CO,-0.2354,134.175,49.69
J556,Non-sensitizer,O=C(CO)CO,-1.4599,90.078,57.53
J1168,Sensitizer,CC(C=O)Cc1ccc(C(C)(C)C)cc1,3.3616,204.313,17.07
J521,Sensitizer,CCC1OC(=O)C(C)C(OC2CC(C)(OC)C(O)C(C)O2)C(C)C(OC2OC(C)CC(N(C)C)C2O)C(C)(O)CC(C)CN(C)C(C)C(O)C1(C)O,1.9007,748.996,180.08
J666,Non-sensitizer,COc1cc(NC(=O)C(=NNc2cc(OC)c(S(=O)(=O)Nc3ccccc3)cc2OC)C(C)=O)c(OC)cc1Cl,4.1708,591.042,153.65
J126,Sensitizer,CC(C)N=C(N)N(C(=N)N)c1ccc(Cl)c(Cl)c1,2.41637,288.182,91.49
A146A509,Sensitizer,CCCCCCCCCc1ccccc1O,4.6853,220.356,20.23
J1014,Non-sensitizer,c1ccc(-c2nnc(-c3ccc(-c4nnc(-c5ccccc5)c(-c5ccccc5)n4)cc3)nc2-c2ccccc2)cc1,8.0586,540.63,77.34
J1027,Non-sensitizer,N#CCN(CC#N)CCN(CC#N)CC#N,-0.31528,216.248,101.64
J1,Non-sensitizer,O=Cc1ccccc1,1.4991,106.124,17.07
J1205,Non-sensitizer,COc1ccccc1NC(=O)C(=NNc1ccccc1C(=O)O)C(C)=O,2.389,355.35,117.09
J500,Non-sensitizer,C=CC[N+](C)(C)CC=C,1.4348,126.223,0
J304,Non-sensitizer,CCCCCCCCC(=O)O,2.8216,158.241,37.3
J203,Sensitizer,C=CC(=O)OCC1(CC)COCOC1,1.1163,200.234,44.76
J1090,Non-sensitizer,O=C(O)C1=C(CCO)OC2CC(=O)N12,-0.7464,199.162,87.07
J1156,Non-sensitizer,O=C(Nc1ccc2[nH]c(=O)[nH]c2c1)c1cc2ccccc2cc1O,2.9673,319.32,97.98
J596,Non-sensitizer,O=C1CCCCCCCCCCCC(=O)OCCO1,3.3775,270.369,52.6
J284,Non-sensitizer,CC=CC(=O)O,0.6471,86.09,37.3
A146A208,Sensitizer,C=c1cc(C)cc(C)c1=C(O)P(=O)(OCC)c1ccccc1,2.97754,316.337,46.53
J811,Non-sensitizer,C=CC1(C)CC(OC(=O)CSC2CC3CCC(C2)N3C)C2(C)C(C)CCC3(CCC(=O)C32)C(C)C1O,5.2513,517.776,66.84
A146A333,Sensitizer,C=C1NS(=O)(=O)N=C1c1ccccc1,0.8374,208.242,58.53
J950,Non-sensitizer,O=C(O)c1ccc2c(C3CCCC3)c[nH]c2c1,3.5237,229.279,53.09
J635,Non-sensitizer,COC(=O)c1c(O)coc1O,0.4774,158.109,79.9
J494,Non-sensitizer,CCOC(=O)C(C)O,-0.0697,118.132,46.53
J735,Non-sensitizer,CCCCN1CCC(CNC(=O)c2c3n(c4ccccc24)CCCO3)CC1,3.6657,369.509,46.5
J613,Non-sensitizer,Cn1cc(C(=O)Nc2cccc3c2C2CCC3C2=C(Cl)Cl)c(C(F)F)n1,5.2738,398.24,46.92
J510,Sensitizer,O=S(=O)(O)OOS(=O)(=O)O,-1.4598,194.142,127.2
J1170,Non-sensitizer,CN1CCN(C)C1=O,-0.0164,114.148,23.55
J968,Non-sensitizer,NC(CS)C(=O)O,-0.6719,121.161,63.32
J194,Non-sensitizer,NC(CC(=O)O)C(=O)O,-1.127,133.103,100.62
J1255,Non-sensitizer,CCOC(=O)CC(=O)c1cc(F)c(Cl)nc1Cl,2.6634,280.082,56.26
J709,Sensitizer,C=CC(=O)OCCCC,1.5157,128.171,26.3
J136,Non-sensitizer,CCOC(=O)CC(NCCC[Si](OC)(OC)OC)C(=O)OCC,0.7291,351.472,92.32
J678,Sensitizer,CC(C)c1ccc(C(C)CC=O)cc1,3.5025,190.286,17.07
J371,Sensitizer,CCCCC(CC)COC(=O)COc1ccc(Cl)cc1Cl,5.1318,333.255,35.53
J67,Non-sensitizer,CNC(=S)NN,-1.046,105.166,50.08
J520,Non-sensitizer,CCCCCOC1OC(C)C(O)C(O)C1O,0.0207,234.292,79.15
J1176,Sensitizer,CCCCCCC(C)OC(=O)COc1[nH]c(F)c(Cl)c(=N)c1Cl,4.22097,367.248,75.17
J395,Sensitizer,Nc1ccc(NCCO)c([N+](=O)[O-])c1,0.5812,197.194,101.42
J909,Non-sensitizer,C=CCCC(=O)Cl,1.718,118.563,17.07
J138,Non-sensitizer,C=C(C)C(=O)OCCC(F)(F)C(F)(F)C(F)(F)C(F)(F)C(F)(F)C(F)(F)F,5.2346,432.176,26.3
A146A852,Non-sensitizer,CCNc1nc(Cl)nc(NC(C)C)n1,1.7771,215.688,62.73
J363,Sensitizer,CC=Cc1ccc(O)c(OC)c1C,2.74232,178.231,29.46
J490,Sensitizer,Nc1ccc(OCCO)c(N)c1,0.2221,168.196,81.5
J831,Sensitizer,O=C(C=Cc1ccccc1)c1ccc(O)cc1O,2.9939,240.258,57.53
J259,Sensitizer,BrCc1ccccc1,2.5815,171.037,0
J1087,Non-sensitizer,CCCCCC=O,1.7656,100.161,17.07
J315,Sensitizer,CC(C)(C=NCCCCCCN=CC(C)(C)CN1CCOCC1)CN1CCOCC1,3.4052,422.658,49.66
J749,Sensitizer,CC(=O)CC(=O)c1cc(C)c(C)c(C)c1C,3.08208,218.296,34.14
A146A720,Non-sensitizer,O=S(=O)(O)c1ccc(Nc2nc(Nc3ccc(C=Cc4ccc(Nc5nc(Nc6ccc(S(=O)(=O)O)cc6)nc(N6CCOCC6)n5)cc4S(=O)(=O)O)c(S(=O)(=O)O)c3)nc(N3CCOCC3)n2)cc1,3.8614,1041.098,367.88
J601,Non-sensitizer,CN(C(=S)SSC(=S)N(C)c1ccccc1)c1ccccc1,5.2104,364.586,6.48
J378,Non-sensitizer,CC1CCC(C(C)C)C(O)C1,2.4395,156.269,20.23
J626,Non-sensitizer,S=C(S)NCCNC(=S)S,0.595,212.39,24.06
J1102,Non-sensitizer,CC1=CC(C)C(CO)C(C)C1,2.2171,154.253,20.23
J43,Non-sensitizer,CCOc1ccc(C(=O)Cc2ccc(S(C)(=O)=O)cc2)cc1,2.9142,318.394,60.44
J1282,Non-sensitizer,Cc1cnn(C(CC(=O)O)C(=O)O)c1C,0.60034,212.205,92.42
J1047,Non-sensitizer,CC(N)=O,-0.5084,59.068,43.09
A146A305,Sensitizer,OCCOCC#CCOCCO,-0.9924,174.196,58.92
A146A141,Sensitizer,C=C(O)C(C)=O,0.6471,86.09,37.3
J603,Sensitizer,CC(C)=CCCC(C)=CCO,2.6714,154.253,20.23
J492,Non-sensitizer,CC1=CCC(C=CC(C)C(C)O)C1(C)C,3.5519,208.345,20.23
J114,Sensitizer,Oc1ccc(O)cc1,1.0978,110.112,40.46
A146A403,Sensitizer,C=CS(=O)(=O)CCOCCNc1nc(F)nc(Nc2ccc(N=Nc3cc4c(S(=O)(=O)O)cc(S(=O)(=O)O)cc4cc3S(=O)(=O)O)c(NC(N)=O)c2)n1,2.5404,819.81,349.05
A146A253,Sensitizer,CC(O)=C(C)C(=O)c1ccccc1,2.7212,176.215,37.3
J390,Non-sensitizer,C=CCCCCCCCC(=O)OC,3.0761,184.279,26.3
J657,Non-sensitizer,Nc1ccc(S(=O)(=O)O)cc1,0.5155,173.193,80.39
A146A120,Non-sensitizer,OCC(O)CO,-1.6681,92.094,60.69
J902,Non-sensitizer,CCOC(=O)C(F)(F)F,1.1118,142.076,26.3
J458,Non-sensitizer,CC[N+](CC)(CC)CC,1.8828,130.255,0
J61,Non-sensitizer,COC(=O)OC,0.3992,90.078,35.53
J958,Non-sensitizer,O=C(O)c1cc(Br)nn1-c1ncccc1Cl,2.3814,302.515,68.01
J506,Non-sensitizer,CCCCCCC(O)CCCCCCCCCCC(=O)O,5.3033,300.483,57.53
J359,Non-sensitizer,CC(C)CC(C)(O)CCC(C)(O)CC(C)C,3.3608,230.392,40.46
J1143,Non-sensitizer,CC(C)(C)O,0.7772,74.123,20.23
J1165,Non-sensitizer,C[N+](C)(C)CC(O)CC(=O)O,-0.4718,162.209,57.53
J664,Non-sensitizer,COc1ccc(C(=O)Nc2ccccc2)cc1N=Nc1c(O)c(C(=O)Nc2ccc3[nH]c(=O)[nH]c3c2)cc2ccccc12,6.6436,572.581,161.03
J705,Non-sensitizer,COc1cc(-c2cc(OC)cc(C(C)(C)C)c2O)c(O)c(C(C)(C)C)c1,5.377,358.478,58.92
J1169,Sensitizer,C=C(C)C(=O)OC,0.7355,100.117,26.3
A146A739,Non-sensitizer,CCCc1nc(C)c2c(=O)nc(-c3cc(S(=O)(=O)N4CCN(CC)CC4)ccc3OCC)[nH]n12,2.07042,488.614,112.9
J1080,Sensitizer,CCCCOCCOC(=O)COc1nc(Cl)cc(Cl)c1Cl,3.7805,356.633,57.65
J312,Sensitizer,O=C(CC(=O)c1ccccc1)c1ccccc1,3.1423,224.259,34.14
J461,Sensitizer,O=C1CCO1,-0.0667,72.063,26.3
J904,Non-sensitizer,O=C(NCCCCCCNC(=O)NCc1ccccc1)NCc1ccccc1,3.5456,382.508,82.26
J1217,Non-sensitizer,C#CC(C)(C)C,1.6657,82.146,0
A146A651,Non-sensitizer,O=C1C=Cc2ccccc2C1=NNc1ccc([N+](=O)[O-])cc1Cl,3.6603,327.727,84.6
J783,Sensitizer,COCc1ccc(C=O)o1,1.2385,140.138,39.44
J602,Non-sensitizer,O=C1CCCCCCCCCCCCCCO1,4.6145,240.387,26.3
J535,Non-sensitizer,CC(=O)OC(C)(C)C1C=CC(C)C(=O)C1,2.1094,210.273,43.37
J579,Sensitizer,c1ccc(OP(Oc2ccccc2)Oc2ccccc2)cc1,5.4503,310.289,27.69
J423,Non-sensitizer,CCCCCCCCCCCCCCCCS(=O)(=O)OC,5.4439,320.539,43.37
J801,Non-sensitizer,C=C(C)C(=O)OCCOC(=O)CC(C)=O,0.628,214.217,69.67
J737,Sensitizer,C=CC(=O)OCC(CC)(COC(=O)C=C)COC(=O)C=C,1.5704,296.319,78.9
J742,Sensitizer,CCc1cccc(CC)c1N(COC)C(=O)CCl,2.9871,269.772,29.54
J934,Non-sensitizer,CCCCCCCCCCCCCCCCCCNC(=O)Nc1ccc(Cc2ccc(NC(=O)NCCCCCCCC)cc2)cc1,12.1424,649.021,82.26
A146A254,Sensitizer,CCCCCC(O)=CC(=O)c1ccccc1,3.8915,218.296,37.3
J294,Sensitizer,CCNCC,0.6158,73.139,12.03
J8,Non-sensitizer,CCSCCO,0.7318,106.19,20.23
J948,Non-sensitizer,COc1ccc(C=O)cc1Cl,2.1611,170.595,26.3
J257,Non-sensitizer,Cc1cn(C(CC(=O)O)C(=O)O)nc1C,0.60034,212.205,92.42
J1238,Non-sensitizer,OCCN(CCO)CCO,-1.7347,149.19,63.93
J221,Non-sensitizer,CC(=O)C(=NNc1ccccc1OCCOc1ccccc1NN=C(C(C)=O)C(=O)Nc1ccc2[nH]c(=O)[nH]c2c1)C(=O)Nc1ccc2[nH]c(=O)[nH]c2c1,3.4748,732.714,256.88
J553,Non-sensitizer,CCCOC(=O)c1ccc(O)cc1,1.959,180.203,46.53
J1132,Non-sensitizer,COc1cc(S(=O)(=O)O)c(C)cc1NC(=O)CC(C)=O,1.16792,301.32,109.77
A146A400,Sensitizer,CC(C)(C)c1ccc([I+2]=c2cc[c-](C(C)(C)C)cc2)cc1,2.49129,393.332,0
A146A504,Sensitizer,C=c1cc(C)cc(C)c1=C(O)P(=O)(c1ccccc1)c1ccccc1,3.35154,348.382,37.3
J782,Non-sensitizer,O=C(O)CCCCC(=O)O,0.716,146.142,74.6
J961,Non-sensitizer,O=C1CCCC(=O)C1,0.6986,112.128,34.14
J863,Non-sensitizer,O=C(O)C(=NOCc1ccccc1)C(=O)O,0.7284,223.184,96.19
J1064,Sensitizer,CCCCCCCCCCCCCCCBr,6.4725,291.317,0
J1249,Non-sensitizer,CC1OC(=O)C(C)OC1=O,-0.1366,144.126,52.6
J813,Non-sensitizer,O=C1O[B-]2(OC(=O)c3ccccc3O2)Oc2ccccc21,1.9208,283.024,71.06
J757,Sensitizer,Cc1csc2c(Cl)cccc12,3.86312,182.675,0
J144,Non-sensitizer,OC(Cn1ccnc1)c1ccc(Cl)cc1Cl,2.9235,257.12,38.05
J424,Non-sensitizer,O=c1c2cc(Br)c3cccc4c(=O)c5cc(Br)c6cccc1c6c5-c2c34,5.963,464.112,34.14
J102,Sensitizer,Nc1cccc(N)c1,0.851,108.144,52.04
J1110,Sensitizer,CCCCCCCCCCCCCCCCCCCCCCBr,9.2032,389.506,0
J990,Non-sensitizer,O=C1CCC2COC1O2,0.0908,128.127,35.53
A146A490,Sensitizer,CC(C)(C)CC(C)(C)c1ccc(OCCO)cc1,3.7715,250.382,29.46
J1109,Non-sensitizer,Cc1ncc[nH]1,0.71812,82.106,28.68
J512,Non-sensitizer,C=CC(C)(O)CCC=C(C)C,2.6698,154.253,20.23
J564,Non-sensitizer,C=C1CC=C(C(C)C)CC1,3.3089,136.238,0
J814,Non-sensitizer,CCCc1nc(C)c2c(=O)[nH]c(-c3cc(S(=O)(=O)N4CCN(CC)CC4)ccc3OCC)nn12,2.07042,488.614,112.9
J1038,Sensitizer,CC=CC=CCC=O,1.7077,110.156,17.07
A146A361,Sensitizer,CCCCCCCc1ccc(O)cc1,3.9051,192.302,20.23
J776,Sensitizer,N#Cc1c(Cl)c(Cl)c(Cl)c(C#N)c1Cl,4.04356,265.914,47.58
J943,Sensitizer,O=C(O)C(F)(F)C(F)OC(F)(F)C(F)(F)C(F)(F)OC(F)(F)F,3.3758,378.065,55.76
J347,Non-sensitizer,O=c1[nH]cnc2ccc(I)cc12,1.5277,272.045,45.75
J507,Non-sensitizer,C=COCCOCCOC=C,1.3232,158.197,27.69
J1025,Sensitizer,CC=CC(=O)C1=C(C)CCCC1(C)C,3.6582,192.302,17.07
J661,Sensitizer,CCCCCC(C=O)=Cc1ccccc1,3.8492,202.297,17.07
J739,Sensitizer,C=CC(=O)O[Si](C(C)C)(C(C)C)C(C)C,3.8911,228.408,26.3
J673,Non-sensitizer,NC(=O)N=NC(N)=O,-0.404,116.08,110.9
J1241,Non-sensitizer,CCCCC(CC)C(=O)OCCOCCOCCOC(=O)C(CC)CCCC,4.5388,402.572,71.06
J1122,Sensitizer,C[Si](C)(C)O[Si](C)(CCCOCC(O)CO)O[Si](C)(C)C,2.5213,354.668,68.15
J1273,Non-sensitizer,Cc1ccc(S(=O)(=O)OCC2CC(C)(C)OC2=O)cc1,2.04202,298.36,69.67
J364,Sensitizer,CC=Cc1ccc(O)c(OC(C)C)c1,3.2125,192.258,29.46
J349,Sensitizer,C#[N+]C(c1ccc(F)cc1)S(=O)(=O)c1ccc(C)cc1,3.56932,290.339,38.5
A146A13,Sensitizer,C=C(O)C(=O)CC(C)C,1.6733,128.171,37.3
J1284,Non-sensitizer,N=c1[nH]c(-c2ccc3ccccc3c2)c(N=Nc2cc(S(=O)(=O)O)c3cc(S(=O)(=O)O)cc(S(=O)(=O)O)c3c2)s1,4.68457,620.668,227.47
J365,Sensitizer,OCCc1ccc(Cl)cc1,1.8748,156.612,20.23
J1220,Sensitizer,Oc1ccc(-c2ccccc2)cc1,3.0592,170.211,20.23
J655,Non-sensitizer,COc1cc(C=O)ccc1O,1.2133,152.149,46.53
J866,Non-sensitizer,O=c1c2cc(Cl)ccc2[nH]c2cc3c(=O)c4cc(Cl)ccc4[nH]c3cc12,4.9828,381.218,65.72
J151,Non-sensitizer,CCCCCCCCCCCCCCCCOC(=O)OOC(=O)OCCCCCCCCCCCCCCCC,12.1704,570.896,71.06
J571,Non-sensitizer,CCOC(=O)CC1(C)OCCO1,0.7026,174.196,44.76
J848,Non-sensitizer,Nc1c(OCCOC(=O)Oc2ccccc2)cc(O)c2c1C(=O)c1ccccc1C2=O,3.3442,419.389,125.15
J701,Non-sensitizer,CCN(CC)C(=O)c1ccc[n+](CCCS(=O)(=O)O)c1,0.734,301.388,78.56
J788,Non-sensitizer,Cc1cn(C2CC(O)C(CO)O2)c(=O)[nH]c1=O,-1.51428,242.231,104.55
J247,Sensitizer,O=[N+]([O-])c1ccc(Cl)c([N+](=O)[O-])c1,2.1564,202.553,86.28
J665,Non-sensitizer,CNS(=O)(=O)c1cc(OC)c(N=Nc2c(O)c(C(=O)Nc3ccc4[nH]c(=O)[nH]c4c3)cc3ccccc23)cc1OC,4.308,576.591,187.33
J439,Non-sensitizer,CC(C)C1=CC2=CCC3C(C)(C(=O)O)CCCC3(C)C2CC1,5.2062,302.458,37.3
J299,Sensitizer,c1ccncc1,1.0816,79.102,12.89
J265,Sensitizer,CCCCOC(=O)NC(=S)SCCCC,3.3309,249.401,38.33
A146A487,Sensitizer,CC(CCCCN)C(C)(C)N,1.4888,158.289,52.04
A146A743,Non-sensitizer,O=S(=O)(O)c1ccccc1N=C1C=CC(=C(c2ccc(Nc3ccccc3)cc2)c2ccc(Nc3ccccc3)cc2)C=C1,9.1211,595.724,90.79
J914,Sensitizer,CCCSP(=O)(OCC)Oc1ccc(Br)cc1Cl,5.7691,373.636,35.53
J768,Non-sensitizer,COc1cc(C(F)(F)F)c(OC)cc1CC#N,2.78868,245.2,42.25
J409,Non-sensitizer,CNC(C)c1cc(C(F)(F)F)cc(C(F)(F)F)c1,4.0046,271.204,12.03
J1264,Sensitizer,C=C(C)C1C=CC(C)C(=O)C1,2.3438,150.221,17.07
J1141,Sensitizer,CCCCC(C=O)=Cc1ccccc1,3.4591,188.27,17.07
J800,Sensitizer,C=C(C)C1CC=C(C=O)CC1,2.4879,150.221,17.07
J1052,Non-sensitizer,C=CC1(C)CC(OC(=O)COS(C)(=O)=O)C2(C)C(C)CCC3(CCC(=O)C32)C(C)C1O,2.8691,456.601,106.97
J379,Sensitizer,CCOc1ccc(CC(CNCCN)NC(=O)OCc2ccccc2)cc1,2.4711,371.481,85.61
A146A792,Non-sensitizer,CCCCCCC(O)CCOC(C)=O,2.2709,202.294,46.53
J48,Non-sensitizer,C1=CC2CCC1C2,1.9725,94.157,0
J691,Non-sensitizer,C=CC(=O)OCCCCOc1ccc(C(=O)Oc2ccc(OC(=O)c3ccc(OCCCCOC(=O)C=C)cc3)c(C)c2)cc1,6.20982,616.663,123.66
J134,Non-sensitizer,CCOc1ccccc1C(=N)N,1.36937,164.208,59.1
A146A393,Sensitizer,C=CC(=O)OCCCCCCCC(C)C,3.7122,212.333,26.3
J431,Sensitizer,CC(OC(C)(C)COC(=O)C1CC1)C1CCCC(C)(C)C1,4.3397,296.451,35.53
J117,Non-sensitizer,NCC(=O)NC(CCC(N)=O)C(=O)O,-2.22,203.198,135.51
J154,Sensitizer,O=CC(=O)O,-0.7301,74.035,54.37
J1157,Non-sensitizer,CCOP(=O)(OCC)OCC,2.204,182.156,44.76
J508,Sensitizer,CCO[Si](CCCNC=O)(OCC)OCC,1.1709,249.383,56.79
A146A472,Sensitizer,CCOc1cc(Oc2ccc(C(F)(F)F)cc2Cl)ccc1[N+](=O)[O-],5.458,361.703,61.6
A146A501,Sensitizer,C=CCC,1.5824,56.108,0
J1039,Non-sensitizer,CCOCc1cc(OC)c(B(O)O)c(OC)c1,-0.0799,240.064,68.15
J358,Sensitizer,COc1cc2c(cc1C(F)(F)F)NCC2,2.682,217.19,21.26
J24,Non-sensitizer,O=[N+]([O-])c1ncccc1O,0.6954,140.098,76.26
J618,Non-sensitizer,N#CCCO,-0.10762,71.079,44.02
J346,Sensitizer,CCCN(CCC)c1c([N+](=O)[O-])cc(C(F)(F)F)cc1[N+](=O)[O-],4.1482,335.282,89.52
J808,Non-sensitizer,CCOc1ccc(CC(N)CNCCN)cc1,0.5034,237.347,73.3
J504,Non-sensitizer,C=C(Cl)Cl,1.9352,96.944,0
J388,Sensitizer,O=C(Oc1ccc([N+](=O)[O-])cc1)OC1COC2OCCC12,1.8716,295.247,97.13
J1230,Sensitizer,CC(C=O)c1ccccc1,1.989,134.178,17.07
J467,Sensitizer,Cc1c(O)cccc1O,1.40622,124.139,40.46
J292,Sensitizer,ClCc1ccc2ccc3cccc4ccc1c2c34,5.3228,250.728,0
J320,Non-sensitizer,CCCCCCCC#N,2.87048,125.215,23.79
J36,Sensitizer,CC(C)C1OCCN1CCO,0.293,159.229,32.7
J1019,Non-sensitizer,NCC(=O)O,-0.9703,75.067,63.32
J1210,Non-sensitizer,COc1ccc(C(=O)O)cc1[N+](=O)[O-],1.3016,197.146,89.67
J1160,Non-sensitizer,CC(=O)C(=NNc1ccc(-c2ccc(NN=C(C(C)=O)C(=O)Nc3ccc(C)cc3C)c(Cl)c2)cc1Cl)C(=O)Nc1ccccc1C,7.57686,671.585,141.12
J910,Non-sensitizer,Nc1ccc(-c2ccc(N)c3c2C(=O)c2ccccc2C3=O)c2c1C(=O)c1ccccc1C2=O,4.0688,444.446,120.32
J167,Non-sensitizer,O=C1NC(=O)C(=c2[nH]c(=C3C(=O)NC(=O)NC3=O)c3ccccc23)C(=O)N1,-2.7987,367.277,166.33
J245,Non-sensitizer,Cc1ccc2c(c1)C(N=c1[nH]c(C(C)F)nc(=N)[nH]1)C(C)C2,2.39039,301.369,80.68
J355,Sensitizer,CC(C)C=NCC1CCCC(CN=CC(C)C)C1,4.2464,250.43,24.72
J611,Sensitizer,O=CC=O,-0.6158,58.036,34.14
J147,Sensitizer,C=C(C)C(=O)OCc1ccccc1,2.3059,176.215,26.3
A146A809,Non-sensitizer,CC1=NN(c2ccc(C)cc2)C(=O)C1N=Nc1ccc(-c2ccc(N=NC3C(=O)N(c4ccc(C)cc4)N=C3C)c(Cl)c2)cc1Cl,9.02724,651.558,114.78
J686,Sensitizer,CC(=O)C(C)=CC1=C(C)CCCC1(C)C,4.0483,206.329,17.07
J248,Sensitizer,FC(F)(F)c1ccc(Cl)cc1,3.3588,180.556,0
J1060,Non-sensitizer,CC(O)(CC(=O)O)C(=O)O,-0.7033,148.114,94.83
J1208,Sensitizer,Cc1cc(=O)n(-c2ccccc2)[nH]1,1.47402,174.203,37.79
A146A339,Sensitizer,OCCCOCCN(CCOCCCO)CCOCCCO,-0.5146,323.43,91.62
J622,Non-sensitizer,CCCCC=O,1.3755,86.134,17.07
J236,Non-sensitizer,CC(C)(C)OC(=O)CC1CC(CC#N)OC2(CCCC2)O1,3.07628,295.379,68.55
J810,Sensitizer,CCCCC(CC)C(=O)OOC(C)(C)CC(C)(C)C,4.8924,272.429,35.53
J1175,Non-sensitizer,CCC1OC(=O)C(C)C(OC2CC(C)(OC)C(O)C(C)O2)C(C)C(OC2OC(C)CC(N(C)C)C2O)C(C)(OC)CC(C)C(=O)C(C)C(O)C1(C)O,2.4397,747.964,182.91
J52,Non-sensitizer,CCCCC(CC)COC(=O)c1ccccc1,4.0598,234.339,26.3
J273,Non-sensitizer,CC12CCC3C(CCC4CCCCC43C)C1CCC2=O,4.9883,274.448,17.07
A146A97,Sensitizer,O=C(O)C(O)C(O)C(=O)O,-2.1226,150.086,115.06
J402,Sensitizer,CC(O)C#CC(C)O,-0.2486,114.144,40.46
J828,Non-sensitizer,CCCCCCCCCCCCCCCCCCSSCCCCCCCCCCCCCCCCCC,14.8908,571.122,0
A146A77,Non-sensitizer,NCC1OC(OC2C(CO)OC(OC3C(O)C(N)CC(N)C3OC3OC(CN)C(O)C(O)C3N)C2O)C(N)C(O)C1O,-8.8953,614.65,353.11
J12,Non-sensitizer,CCCCCCOCCOCCO,1.5922,190.283,38.69
A146A327,Sensitizer,Nc1n[nH]c(=S)[nH]1,0.04949,116.149,70.49
J1136,Non-sensitizer,C=c1[nH]n2c(=O)c3ccccc3nc2c1=NNc1ccc(Cl)cc1[N+](=O)[O-],1.7944,382.767,117.69
J825,Sensitizer,CCCCC(CC)COC(=O)CSCC(=O)OCC(CC)CCCC,5.2388,374.587,52.6
J243,Non-sensitizer,O=S(=O)(O)CCCS(=O)(=O)c1cccc2c1-c1nc-2nc2[nH]c(nc3nc(nc4[nH]c(n1)c1cccc(S(=O)(=O)CCCS(=O)(=O)O)c41)-c1cccc(S(=O)(=O)CCCS(=O)(=O)O)c1-3)c1cccc(S(=O)(=O)CCCS(=O)(=O)O)c21,3.0756,1259.392,462.96
J1057,Non-sensitizer,NCC(O)CO,-1.7017,91.11,66.48
J285,Non-sensitizer,C=Cn1ccnc1,0.9836,94.117,17.82
J608,Non-sensitizer,COc1cc(C)c2c(Oc3cccc(C(F)(F)F)c3)c(OC)cc(N)c2n1,4.95372,378.35,66.6
J185,Sensitizer,Clc1ccc(C(Cl)(Cl)Cl)cc1,4.1667,229.921,0
J165,Non-sensitizer,CCCC1CC(=O)N(C(CC)C(N)=O)C1,0.8989,212.293,63.4
A146A781,Non-sensitizer,CC(C)CCO,1.0248,88.15,20.23
J933,Non-sensitizer,Cc1c2ccc(N(C)c3ccnc(Cl)n3)cc2nn1C,3.09302,287.754,46.84
J77,Non-sensitizer,Cc1c(Cl)cccc1[N+](=O)[O-],2.55662,171.583,43.14
J356,Sensitizer,CO[Si](CCCNCCN)(OC)OC,-0.1971,222.361,65.74
J193,Sensitizer,CC=CC(=O)Oc1c(C(C)CCCCCC)cc([N+](=O)[O-])cc1[N+](=O)[O-],5.0584,364.398,112.58
J515,Non-sensitizer,CC(C)(C1CCC(O)CC1)C1CCC(O)CC1,3.1148,240.387,40.46
J805,Non-sensitizer,CCO[Si](CN1CCOCC1)(OCC)OCC,0.9062,263.41,40.16
J566,Sensitizer,c1ccc2c(c1)ccooc1ccccc12,4.3034,210.232,26.28
J90,Sensitizer,Nc1cc([N+](=O)[O-])cc(Cl)c1O,1.536,188.57,89.39
J526,Sensitizer,Oc1oc(O)c2c1CCCC2,1.5696,154.165,53.6
J1172,Non-sensitizer,COc1ccc([N+](=O)[O-])cc1NN=C(C(C)=O)C(=O)Nc1ccccc1OC,2.6076,386.364,132.16
J939,Non-sensitizer,CCCCN1C(=O)C(C(O)C2CCCCC2)NC(=O)C12CCN(Cc1ccc(Oc3ccc(C(=O)O)cc3)cc1)CC2,4.58,577.722,119.41
J702,Sensitizer,CN(C)CCOC(C)(c1ccccc1)c1ccc(Br)cc1,4.2908,348.284,12.47
J1037,Non-sensitizer,C=CCOC(C)=O,0.7355,100.117,26.3
A146A515,Sensitizer,O=C1CCC(=O)O1,-0.15,100.073,43.37
J16,Sensitizer,CN1C2CCC1CC(O)C2,0.6039,141.214,23.47
J565,Non-sensitizer,CC=CC(=O)SCC(O)CO,0.1755,176.237,57.53
J882,Non-sensitizer,O=[N+]([O-])c1ccc(N=Nc2c(O)ccc3ccccc23)c([N+](=O)[O-])c1,4.7772,338.279,131.23
J766,Sensitizer,O=C(C=Cc1ccc(O)cc1O)c1ccccc1,2.9939,240.258,57.53
J965,Non-sensitizer,CCOC(=O)C(Cl)(Cl)Cl,1.9197,191.441,26.3
J839,Sensitizer,O=C(C=Cc1ccccc1)c1ccc(O)cc1,3.2883,224.259,37.3
A146A748,Non-sensitizer,CCc1ccc2c(c1)C(=O)c1ccccc1C2=O,3.0244,236.27,34.14
J50,Sensitizer,C=CC(=O)OCC(O)COCCCCOCC(O)COC(=O)C=C,-0.02,346.376,111.52
J693,Non-sensitizer,O=C(O)CCCCO,0.2336,118.132,57.53
J840,Non-sensitizer,CC(=O)CC(=O)Nc1ccc2[nH]c(=O)[nH]c2c1,0.7738,233.227,94.82
J845,Non-sensitizer,Cc1cc2c(cc1C(F)(F)F)NCC2,2.98182,201.191,12.03
J720,Sensitizer,CCCSc1nc(Cl)c([N+](=O)[O-])c(Cl)n1,3.1937,268.125,68.92
J1227,Non-sensitizer,CCC=CCCO,1.335,100.161,20.23
J870,Sensitizer,CC(C)(O)CCCC1=CCC(C=O)CC1,2.853,210.317,37.3
J150,Sensitizer,CCC=CC#N,1.47618,81.118,23.79
J1199,Non-sensitizer,CCCCCCCCCC(=O)Oc1ccc(C(=O)O)cc1,4.4309,292.375,63.6
J916,Non-sensitizer,Cc1cc(F)ccc1C1CC(=O)C=CN1C(=O)OCc1ccccc1,4.30052,339.366,46.61
J44,Non-sensitizer,Nc1cc([N+](=O)[O-])ccc1F,1.3161,156.116,69.16
J125,Non-sensitizer,COc1ccc(C2(C#N)CCC(C(=O)O)CC2)cc1OC1CCCC1,4.05278,343.423,79.55
J224,Non-sensitizer,O=C(O)CCl,0.3098,94.497,37.3
J1177,Sensitizer,C=CC(=O)OCCO,-0.2921,116.116,46.53
J291,Non-sensitizer,Clc1ccccc1,2.34,112.559,0
J128,Non-sensitizer,OC1COC2OCCC12,-0.2599,130.143,38.69
J1229,Sensitizer,COc1cc(C)ccc1O,1.70922,138.166,29.46
J835,Non-sensitizer,CN(C)S(=O)(=O)c1cc(Cl)c(N)cc1Cl,1.8259,269.153,63.4
J612,Non-sensitizer,NNC(=O)CCCCC(=O)NN,-1.4734,174.204,110.24
J255,Non-sensitizer,CC(COCC(F)(F)C(F)(F)C(F)(F)F)OC(=O)CC(C(=O)OC(C)COCC(F)(F)C(F)(F)C(F)(F)F)C(C(=O)OC(C)COCC(F)(F)C(F)(F)C(F)(F)F)S(=O)(=O)O,6.5927,976.542,160.96
J654,Sensitizer,Cc1ccc([N+](=O)[O-])cc1S(=O)(=O)O,1.14992,217.202,97.51
J40,Sensitizer,OC(COC1CC2C=CC1C2)(C(F)(F)F)C(F)(F)F,2.8233,290.203,29.46
J991,Non-sensitizer,COC(=O)c1ccc(C(=O)OC)c(N)c1,0.842,209.201,78.62
J455,Sensitizer,COc1nc(OC)c(N)cc1N,0.2632,169.184,83.39
J380,Sensitizer,C=CN1CCCCCC1=O,1.5325,139.198,20.31
J852,Non-sensitizer,CNC(=O)c1cc(Oc2ccc(N)cc2)ccn1,1.8157,243.266,77.24
J857,Non-sensitizer,COC(=O)CCS,0.4793,120.173,26.3
J340,Non-sensitizer,CCNC(=S)OC(C)C,1.3058,147.243,21.26
J547,Non-sensitizer,CCCN(C)C,0.958,87.166,3.24
J97,Non-sensitizer,CCOC(=O)OCC,1.1794,118.132,35.53
J106,Sensitizer,CC(C)(C)C(=O)CC(=O)C(C)(C)C,2.6069,184.279,34.14
J895,Non-sensitizer,CC(C)(C)OC(=O)NC(C(=O)O)C12CC3CC(CC(O)(C3)C1)C2,2.2956,325.405,95.86
J758,Non-sensitizer,C=CC(=O)OCCC(F)(F)C(F)(F)C(F)(F)C(F)(F)C(F)(F)C(F)(F)F,4.8445,418.149,26.3
J1004,Sensitizer,CCCCCCCCCCCCCCCCI,6.9027,352.344,0
J978,Non-sensitizer,NS(=O)(=O)O,-1.2521,97.095,80.39
J1159,Non-sensitizer,CC(Cl)CCl,1.8525,112.987,0
J173,Non-sensitizer,Cc1c2ccc(N=c3cc[nH]c(Cl)n3)cc2nn1C,2.49062,273.727,58.86
J1256,Sensitizer,CC=Cc1ccc(O)c(OC)c1,2.4339,164.204,29.46
J200,Non-sensitizer,CC(=O)O,0.0909,60.052,37.3
J889,Sensitizer,CCN(CC)CCN(Cc1ccc(-c2ccc(C(F)(F)F)cc2)cc1)C(=O)Cn1c(SCc2ccc(F)cc2)nc(=O)c2c1CCC2,7.2198,666.785,58.44
J1163,Non-sensitizer,CC(=O)C=CC1=CCCC(C)C1(C)C,3.5141,192.302,17.07
J60,Sensitizer,CCCCCC=CCC=CCCCCCCCC(=O)O,5.8845,280.452,37.3
J278,Non-sensitizer,Nc1ccc(Cl)cc1,1.9222,127.574,26.02
J970,Non-sensitizer,O=C(Nc1cc(Cl)c(NC(=O)c2cc3ccccc3c(N=Nc3cc(C(F)(F)F)ccc3Cl)c2O)cc1Cl)c1cc2ccccc2c(N=Nc2cc(C(F)(F)F)ccc2Cl)c1O,15.3908,930.476,148.1
J573,Sensitizer,C=CCCCCCCCCOC(=O)C=Cc1ccccc1O,4.8653,302.414,46.53
J479,Sensitizer,CCN(CC)c1ccc([C+](c2ccc(N(CC)CC)cc2)c2ccc(N(CC)CC)cc2)cc1,7.24439,456.698,9.72
J300,Sensitizer,CC(C)=CCCC(C)=CCCC(C)=CCCC=C(C)CCC=C(C)CCC=C(C)C,10.605,410.73,0
J898,Sensitizer,CC1=NS(=O)(=O)N=C1c1ccccc1,1.195,208.242,58.86
J91,Non-sensitizer,Cc1ncoc1C#N,0.8547,108.1,49.82
J256,Non-sensitizer,CC(C)OC(=O)c1ccc2c(C3CCCC3)c(Br)n(C)c2c1,5.1636,364.283,31.23
J1232,Non-sensitizer,CC(=O)CC(=O)Nc1ccccc1Cl,2.2576,211.648,46.17
J880,Non-sensitizer,O=C1CCCN1CCO,-0.3989,129.159,40.54
J1071,Non-sensitizer,O=C(CC(CP1(=O)Oc2ccccc2-c2ccccc21)C(=O)OCCO)OCCO,1.7267,434.381,119.36
J557,Non-sensitizer,CCC(C)=NO,1.2465,87.122,32.59
J1089,Non-sensitizer,C1=CCC(C2OCC3(CO2)COC(C2CC=CCC2)OC3)CC1,3.4312,320.429,36.92
A146A702,Non-sensitizer,CC(C)(c1cc(Br)c(O)c(Br)c1)c1cc(Br)c(O)c(Br)c1,6.4737,543.875,40.46
J417,Non-sensitizer,CCCCCCCCC=CCCCCCCCCO,6.0162,268.485,20.23
J327,Non-sensitizer,O=P12OB(O1)O2,0.1564,105.782,44.76
J1214,Non-sensitizer,COc1ccccc1OC,1.7038,138.166,18.46
J452,Sensitizer,Cc1ccc(NCCO)cc1O,1.10482,167.208,52.49
J1005,Non-sensitizer,OC1COCOC1,-0.6484,104.105,38.69
J957,Non-sensitizer,CC12C=CC(=O)C=C1CCC1C2C(O)CC2(C)C1CCC2(O)C(=O)CO,1.5576,360.45,94.83
J1266,Sensitizer,CC1=CC=C(C(C)C)CC1,3.3089,136.238,0
J580,Sensitizer,CC(C=O)=Cc1ccccc1,2.2888,146.189,17.07
J712,Non-sensitizer,COC(=O)c1ccccc1OS(=O)(=O)c1ccc(O)cc1,1.9465,308.311,89.9
J802,Sensitizer,CCCCCCCCCCCCCCCCOCCO,5.4766,286.5,29.46
J644,Sensitizer,O=C(OCc1ccccc1)c1ccccc1O,2.7492,228.247,46.53
J784,Sensitizer,CCCCCCCCCCCCCCI,6.1225,324.29,0
J251,Sensitizer,CCCCCCCCC=CCCCCCCCCOS(C)(=O)=O,6.0001,346.577,43.37
J107,Sensitizer,C=CCCCCCCCCC=O,3.4921,168.28,17.07
J803,Sensitizer,CC(=O)CC(=O)c1cc(C)ccc1C,2.46524,190.242,34.14
J527,Sensitizer,O=C1OC(=O)c2ccccc21,0.9972,148.117,43.37
J677,Non-sensitizer,C=CC1(C)CC(OC(=O)CO)C2(C)C(C)CCC3(CCC(=O)C32)C(C)C1O,2.8852,378.509,83.83
A146A488,Sensitizer,O=[N+]([O-])c1ccc(Cl)c([N+](=O)[O-])c1[N+](=O)[O-],2.0646,247.55,129.42
J714,Non-sensitizer,CCCCCCCCCCCCCCCCCCNC(=O)CCc1cc(C(C)(C)C)c(O)c(C(C)(C)C)c1,10.2975,529.894,49.33
J796,Non-sensitizer,CCOC(=O)C(F)F,0.8146,124.086,26.3
J733,Non-sensitizer,COc1ccc(C2(C#N)CCC(=O)CC2)cc1OC1CCCC1,3.92108,313.397,59.32
J1034,Sensitizer,CC1=CCC(=C(C)C)CC1,3.453,136.238,0
J947,Sensitizer,CCCCCCCCCCCCCCCCCl,6.7065,260.893,0
A146A231,Sensitizer,CC(O)=CC(=O)c1cc(C)ccc1C,2.94794,190.242,37.3
J549,Non-sensitizer,COC(=O)c1ccccc1,1.4732,136.15,26.3
J522,Sensitizer,O=C(OC1CCCCC1)c1ccccc1C(=O)OC1CCCCC1,4.6656,330.424,52.6
J74,Non-sensitizer,OCCCC1CCCC1,1.9491,128.215,20.23
J296,Sensitizer,CCCCCCCCCCCCCC(=O)OC(C)C,5.6391,270.457,26.3
A146A630,Non-sensitizer,COc1cc2c(cc1OC)CC(=O)NC=C2,1.3468,219.24,47.56
J1192,Non-sensitizer,Oc1[nH]c(O)c2c1CC=CC2,1.0807,151.165,56.25
J234,Non-sensitizer,O=c1ccc2ccccc2o1,1.793,146.145,30.21
J818,Sensitizer,CC(C)(C=O)CN1CCOCC1,0.5437,171.24,29.54
J120,Non-sensitizer,C=C(C)C(=O)NC(C)C,1.0871,127.187,29.1
A146A422,Sensitizer,CN(C)C(=S)S,0.7627,121.23,3.24
J628,Non-sensitizer,COC(=O)CCCC(=O)OC,0.5027,160.169,52.6
J846,Sensitizer,CC1CC(C(C)(C)C(C)C)CCC1=O,3.6739,196.334,17.07
J23,Non-sensitizer,COC(=O)c1cccc(C(=O)OC)c1,1.2598,194.186,52.6
J184,Sensitizer,C=C(C)C(=O)NCCCN(C)C,0.6304,170.256,32.34
J453,Sensitizer,NCCCNCCCN,-0.7264,131.223,64.07
J1151,Sensitizer,CCCCCCCCC(=O)Cl,3.5024,176.687,17.07
J1144,Non-sensitizer,OCC(F)(F)F,0.541,100.039,20.23
J499,Non-sensitizer,CCCCO,0.7788,74.123,20.23
J859,Non-sensitizer,COC(=O)c1cc(NN=C(C(C)=O)C(=O)Nc2ccc3[nH]c(=O)[nH]c3c2)cc(C(=O)OC)c1,1.425,453.411,171.81
A146A142,Sensitizer,CCC=CC=CC=O,1.7077,110.156,17.07
J1097,Sensitizer,CC(=CC(C)C)C(C)OC(C)(C)COC(=O)C1CC1,3.7256,268.397,35.53
J1083,Non-sensitizer,CCOC(=O)c1nc[nH]n1,-0.0186,141.13,67.87
J274,Non-sensitizer,CCc1ccc(CC)cc1,2.8114,134.222,0
J545,Non-sensitizer,C=C(C)C(=O)OCC(C)O,0.4865,144.17,46.53
J1271,Sensitizer,CC1(C)SC2C(NC(=O)Cc3ccccc3)C(=O)N2C1C(=O)O,0.8608,334.397,86.71
J244,Sensitizer,Nc1ccccc1O,0.9744,109.128,46.25
J830,Non-sensitizer,O=S(=O)(O)O,-0.6528,98.079,74.6
J1033,Sensitizer,CCOCOC1CCCCCCCCCCC1,4.6703,242.403,18.46
J982,Non-sensitizer,O=C(Nc1ccc(NC(=O)c2cc3ccccc3c(N=Nc3cc(Cl)ccc3Cl)c2O)c(Cl)c1)c1cc2ccccc2c(N=Nc2cc(Cl)ccc2Cl)c1O,14.0066,828.927,148.1
A146A435,Sensitizer,CCCCCCC(C)OC(=O)COc1nc(F)c(Cl)c(N)c1Cl,4.3906,367.248,74.44
J736,Sensitizer,CC1(C)CC(CBr)C(=O)O1,1.723,207.067,26.3
J1216,Non-sensitizer,CC(=O)OCC(=O)C1(O)C(C)CC2C3CC=C4CC(=O)C=CC4(C)C3=CCC21C,3.3237,398.499,80.67
J153,Sensitizer,C=C1CC(C)(C)OC1=O,1.2681,126.155,26.3
J962,Non-sensitizer,CCCCCCCCCC(=O)NCCNC(=O)CCCCCCCCC,5.5002,368.606,58.2
J123,Non-sensitizer,COC1CCC2(CC1)NC(=O)NC2=O,0.1536,198.222,67.43
J242,Non-sensitizer,COc1c(Cl)ccc(B(O)O)c1F,0.1675,204.393,49.69
J45,Non-sensitizer,CC1(C)CCCC2(C)C1CCC1(C)OCCC12,4.408,236.399,9.23
J1099,Non-sensitizer,O=C(O)CSSCC(=O)O,0.537,182.222,74.6
J1198,Non-sensitizer,CCOC(=O)CP(=O)(OCC)OCC,1.8156,224.193,61.83
J131,Sensitizer,CCCCCCCCCCCC1=NC(C)(C)C(=O)O1,4.6412,267.413,38.66
J1239,Non-sensitizer,Cc1ccc(S(=O)(=O)NCCCCCC(=O)O)cc1,1.91832,285.365,83.47
J207,Sensitizer,Cc1ccc(CC=O)cc1C,2.04484,148.205,17.07
J847,Non-sensitizer,O=[N+]([O-])c1ccc(N=Nc2c(O)ccc3ccccc23)c(Cl)c1,5.5224,327.727,88.09
J989,Non-sensitizer,CCOC(=O)c1nn(-c2ccc(OC)cc2)c2c1CCN(c1ccc([N+](=O)[O-])cc1)C2=O,3.1687,436.424,116.8
A146A578,Non-sensitizer,Cc1nn2c(=O)c3ccccc3[nH]c2c1N=Nc1ccc(Cl)cc1[N+](=O)[O-],4.46122,382.767,118.02
J731,Non-sensitizer,Nc1ccc(C(=O)O)cc1,0.967,137.138,63.32
J328,Non-sensitizer,O=C(C=Cc1ccc(O)cc1)c1ccccc1O,2.9939,240.258,57.53
J350,Sensitizer,N=c1[nH][nH]c(=S)[nH]1,-0.12014,116.149,71.22
J447,Non-sensitizer,N#CS,0.39728,59.093,23.79
J777,Non-sensitizer,COc1cc(C)c2c(Cl)c(OC)ccc2n1,3.21382,237.686,31.35
J513,Sensitizer,ClC=C(Cl)Cl,2.5017,131.389,0
J897,Sensitizer,CC(CC(=O)Cl)CC(C)(C)C,3.2142,176.687,17.07
J741,Non-sensitizer,CN(C)CCCN1CN(CCCN(C)C)CN(CCCN(C)C)C1,0.6336,342.576,19.44
A146A724,Non-sensitizer,COCC(C)OCC(C)OC(C)CO,0.8238,206.282,47.92
J938,Non-sensitizer,Nc1ccc(OC(F)(F)F)cc1,2.1674,177.125,35.25
J1201,Non-sensitizer,COc1nc(OC)nc(C(=O)c2cccc(F)c2N(C)S(=O)(=O)C(F)F)n1,1.2475,406.342,111.58
J182,Non-sensitizer,Cc1cc(NCCCn2ccnc2)ccc1N,2.27592,230.315,55.87
J330,Sensitizer,CC(C)C1CCC2C(CCC3C(C)(CO)CCCC23C)C1,5.2737,292.507,20.23
A146A664,Non-sensitizer,CC12CC(O)C3C4CCC(=O)C=C4CCC3C1CCC2=O,2.6681,288.387,54.37
J1240,Non-sensitizer,COc1ccc(C(=O)Nc2ccc(C(N)=O)cc2)cc1N,1.6286,285.303,107.44
A146A314,Sensitizer,CCOc1ccc(Cc2cc(C3(OC)OC(CO)C(O)C(O)C3O)ccc2Cl)cc1,1.6025,438.904,108.61
J293,Non-sensitizer,CCCCBr,2.1814,137.02,0
J1067,Non-sensitizer,C=C(C)C(=O)NCCC[N+](C)(C)CC(=O)NCCC[N+](C)(C)CC(O)C[N+](C)(C)C,-0.205,430.658,78.43
J1285,Non-sensitizer,Cc1cccc(Nc2cc3c(nc4ccc(N(CCO)CCO)cc4[n+]3-c3ccccc3)c3ccccc23)c1,5.66092,515.637,72.5
J442,Sensitizer,Nc1ccc(CCNCC(O)c2ccccc2)cc1,2.1345,256.349,58.28
J871,Non-sensitizer,CC(=O)CCCN1C(=O)c2ccccc2C1=O,1.6518,231.251,54.45
A146A923,Non-sensitizer,COc1cc(NC(=O)C(=NNc2ccc(-c3ccc(NN=C(C(C)=O)C(=O)Nc4ccc(C)cc4C)c(Cl)c3)cc2Cl)C(C)=O)c(OC)cc1Cl,7.93904,752.055,159.58
J755,Sensitizer,CCC=C1OC(=O)c2ccccc21,2.6079,174.199,26.3
J4,Sensitizer,CCCCCCCCCCCC(=O)NCCC[N+](C)(C)C,4.1198,299.523,29.1
J195,Non-sensitizer,COC(=O)c1ccc(C(=O)Nc2cc(Cl)ccc2Cl)cc1N=Nc1c(O)c(C(=O)Nc2ccccc2OC)cc2ccccc12,8.5674,643.483,138.68
J1076,Non-sensitizer,Cc1cc([N+](=O)[O-])ccc1N=Nc1c(O)c(C(=O)Nc2ccccc2C)cc2ccccc12,6.73814,440.459,117.19
A146A917,Non-sensitizer,Cc1c2ccc(Nc3ccnc(Cl)n3)cc2nn1C,3.06872,273.727,55.63
J171,Non-sensitizer,CCCCCCCCCCCCCCCCOS(C)(=O)=O,5.4439,320.539,43.37
J528,Non-sensitizer,CCCC(c1cc(C(C)(C)C)c(O)cc1C)c1cc(C(C)(C)C)c(O)cc1C,7.24164,382.588,40.46
A146A345,Sensitizer,O=C1Cc2ccccc2O1,1.1481,134.134,26.3
J21,Non-sensitizer,CCCCCCCCOS(=O)(=O)O,2.1663,210.295,63.6
J1246,Non-sensitizer,c1ccc2scnc2c1,2.2963,135.191,12.89
J271,Non-sensitizer,c1ccc(OCCOc2ccccc2)cc1,3.1444,214.264,18.46
J753,Non-sensitizer,O=C(O)c1nc(Cl)ccc1Cl,2.0866,192.001,50.19
J269,Sensitizer,Cc1c(C)c2c(c(C)c1O)CCC(C)(CCCC(C)CCCC(C)CCCC(C)C)O2,8.84026,430.717,29.46
J485,Sensitizer,Cc1ccc(N2C(=O)C=CC2=O)cc1N1C(=O)C=CC1=O,0.85382,282.255,74.76
J41,Sensitizer,CC1C(C)(C)C2=C(C(=O)CCC2)C1(C)C,3.7381,206.329,17.07
J1074,Non-sensitizer,CC(=O)C(=NNc1ccc(-c2ccc(NN=C(C(C)=O)C(=O)Nc3ccccc3)c(Cl)c2)cc1Cl)C(=O)Nc1ccccc1,6.6516,629.504,141.12
J1045,Non-sensitizer,O=[PH](=O)(O)CN(CCO)C[PH](=O)(=O)O,-1.1079,249.096,132.21
J115,Non-sensitizer,Oc1ccc(O)[nH]1,0.4259,99.089,56.25
J307,Non-sensitizer,CC(CO)CCCC1CCCCC1,3.3654,184.323,20.23
J42,Non-sensitizer,COc1ccc2cc(C=O)ccc2c1,2.6609,186.21,26.3
J28,Non-sensitizer,COc1cc(CC#N)c([N+](=O)[O-])cc1C(F)(F)F,2.68828,260.171,76.16
J51,Non-sensitizer,C[N+](C)(C)CC(O)CC(N)=O,-1.0711,161.225,63.32
J1117,Non-sensitizer,COc1cc2[nH]c(=O)c(=O)[nH]c2cc1N,-0.1928,207.189,100.97
J682,Non-sensitizer,OCC(CO)(CO)COCC(CO)(CO)CO,-3.0704,254.279,130.61
J331,Non-sensitizer,CCN(CC)C(=O)c1cccc(C)c1,2.47702,191.274,20.31
J239,Sensitizer,C=COCCCCCCCCCCCCCCCCCC,7.408,296.539,9.23
J450,Sensitizer,CC(=O)C1(C)CC2=C(CCCC2(C)C)CC1C,4.5183,234.383,17.07
J460,Sensitizer,CCOC(=O)CC1CC2CCC(C1)N2C,1.8124,211.305,29.54
J900,Non-sensitizer,CC(C)(C)C(=O)C(Oc1ccc(Cl)cc1)n1ccnc1,3.7293,292.766,44.12
J1105,Sensitizer,C=CC(C)=CCC1OC1(C)C,2.6862,152.237,12.53
J80,Sensitizer,O=c1occo1,0.2328,86.046,43.35
J505,Non-sensitizer,CCC(C)(C)O,1.1673,88.15,20.23
J1259,Sensitizer,CCC(C=O)CC,1.6215,100.161,17.07
J587,Non-sensitizer,CC(C)C(=O)OCCOc1ccccc1,2.2646,208.257,35.53
J112,Non-sensitizer,CCn1c(O)c(CS(=O)(=O)O)c(C)c(N=Nc2ccc(S(=O)(=O)c3ccc(N=Nc4c(C)c(CS(=O)(=O)O)c(O)n(CC)c4=O)cc3)cc2)c1=O,4.51704,764.817,276.78
J474,Non-sensitizer,OCCN1CCOCC1,-0.6891,131.175,32.7
J667,Non-sensitizer,CC(=O)Nc1ccc(NC(=O)c2cc3ccccc3c(N=Nc3cc(C(N)=O)ccc3Cl)c2O)cc1,5.9238,501.93,146.24
J1055,Non-sensitizer,CC(Cl)COP(=O)(OCC(C)Cl)OCC(C)Cl,4.0262,327.572,44.76
J313,Sensitizer,CCCOC(=O)c1cc(O)c(O)c(O)c1,1.3702,212.201,86.99
J166,Non-sensitizer,CCCCNS(=O)(=O)c1ccccc1,1.765,213.302,46.17
J1079,Sensitizer,CCCCCCC=CC(C(C)=O)C(=O)OCC,3.2813,240.343,43.37
J199,Non-sensitizer,CCOC(=O)c1[nH]n(-c2ccccc2)c(=O)c1N=Nc1ccc(-c2ccc(N=Nc3c(C(=O)OCC)[nH]n(-c4ccccc4)c3=O)c(Cl)c2)cc1Cl,8.8026,739.576,177.62
J836,Sensitizer,O=c1[nH]sc2ccccc12,1.5896,151.19,32.86
J1032,Sensitizer,Cc1ccc(N=C=O)cc1N=C=O,1.92962,174.159,58.86
J420,Non-sensitizer,CCC(N)c1ccccc1,2.0964,135.21,26.02
J927,Non-sensitizer,CCCCCCC(O)CCCCCCCCCCC(=O)NCCCCCCNC(=O)CCCCCCCCCCC(O)CCCCCC,11.2438,681.144,98.66
J159,Non-sensitizer,COc1ccc(OC)c(NC(C)=O)c1,1.6622,195.218,47.56
J1119,Non-sensitizer,Cc1ccc(S(N)(=O)=O)cc1,0.64242,171.221,60.16
J1166,Non-sensitizer,Nc1ccc(S(=O)(=O)c2ccc(N)cc2)cc1,1.6838,248.307,86.18
J348,Sensitizer,CC(C)N(C(=O)CNc1ccccc1Nc1ccccc1)c1ccccc1,5.2837,359.473,44.37
J432,Sensitizer,Cc1cccc(O)c1O,1.40622,124.139,40.46
J536,Sensitizer,CCCCNC(=O)OC#CCI,1.9086,281.093,38.33
J1081,Non-sensitizer,C1COCO1,-0.0093,74.079,18.46
J530,Sensitizer,CCCCCn1c(=O)[nH]c(=O)c2[nH]c(Cl)nc21,1.2565,256.693,83.54
J740,Non-sensitizer,Cc1ccc(-n2[nH]c(C)c(N=Nc3ccc(-c4ccc(N=Nc5c(C)[nH]n(-c6ccc(C)cc6)c5=O)c(Cl)c4)cc3Cl)c2=O)cc1,9.68288,651.558,125.02
J517,Non-sensitizer,CC(C)(OOC(C)(C)c1ccccc1)c1ccccc1,4.8052,270.372,18.46
J637,Non-sensitizer,C=CC(=O)NCCC[Si](O[Si](C)(C)C)(O[Si](C)(C)C)O[Si](C)(C)C,4.1721,407.808,56.79
A146A889,Non-sensitizer,Nc1cc(Cl)nc(C(=O)O)c1Cl,1.6688,207.016,76.21
J223,Non-sensitizer,CCN(CC)c1ccc(C=C(C#N)C(=O)OCCC[N+](C)(C)CCOC(=O)C(C#N)=Cc2ccc(N(CC)CC)cc2)cc1,5.44606,600.784,106.66
J162,Non-sensitizer,CCO[Si](OCC)(OCC)N(CC)CC,1.8733,235.4,30.93
J32,Sensitizer,N#CCCNCCCCCCNCCC#N,1.55336,222.336,71.64
A146A769,Non-sensitizer,O=CC(OC(C=O)C(O)C(O)C(O)CO)C(O)C(O)C(O)CO,-5.712,342.297,205.21
J1207,Sensitizer,O=[N+]([O-])c1cc([N+](=O)[O-])c(Cl)c([N+](=O)[O-])c1,2.0646,247.55,129.42
J124,Sensitizer,CC=CC=CC=O,1.3176,96.129,17.07
J896,Sensitizer,CC1C(C)(C)C2=C(C3OCOCC3CC2)C1(C)C,3.768,250.382,18.46
J625,Sensitizer,NCCNCCN,-1.5066,103.169,64.07
J1059,Non-sensitizer,COCOCC(CO)(CO)CO,-1.4298,180.2,79.15
J690,Non-sensitizer,COc1cc(OC)n2[nH]c(=N)nc2n1,-0.44593,195.182,88.29
J444,Non-sensitizer,C=CCOCC(O)CS(=O)(=O)O,-0.5623,196.224,83.83
J1221,Non-sensitizer,COc1ccc(NC(=O)c2cc3ccccc3cc2O)cc1,3.8063,293.322,58.56
J656,Non-sensitizer,Nc1cccc(S(=O)(=O)O)c1,0.5155,173.193,80.39
J743,Non-sensitizer,COc1cc([N+](=O)[O-])ccc1NN=C(C(C)=O)C(=O)Nc1cc(Cl)ccc1OC,3.261,420.809,132.16
J149,Non-sensitizer,NCC1OC(OC2C(N)CC(N)C(OC3OC(CO)C(O)C(N)C3O)C2O)C(O)C(O)C1O,-7.2914,484.503,282.61
J370,Non-sensitizer,CCCOc1ccc(C=CC(=O)N2C(=O)N(C)C(C)C2c2ccccc2)c(C(=O)c2ccc(OC)cc2OCc2ccccc2)c1,7.331,618.73,85.38
J1275,Non-sensitizer,CC(C)(C)OC(=O)N1CCCC1c1nc(-c2ccc(-c3ccc(-c4c[nH]c(C5CCCN5C(=O)OC(C)(C)C)n4)cc3)cc2)c[nH]1,8.2778,624.786,116.44
J1015,Non-sensitizer,OCC1CO1,-0.6225,74.079,32.76
J1234,Sensitizer,O=C(Oc1ccccc1)c1ccccc1,2.9058,198.221,26.3
J110,Non-sensitizer,CCCCCCCCC=CCCCCCCCCCCCC(N)=O,7.0696,337.592,43.09
J172,Sensitizer,CCCCCCCCCI,4.172,254.155,0
J1202,Non-sensitizer,NC(C(=O)O)c1ccccc1,0.771,151.165,63.32
J26,Sensitizer,CC(C)N=C(N)N=C(N)Nc1ccc(Cl)c(Cl)c1,2.4431,288.182,88.79
J1161,Non-sensitizer,CC(C)C(=O)O,0.727,88.106,37.3
J18,Sensitizer,ClC(Cl)=C(Cl)Cl,3.0682,165.834,0
J9,Sensitizer,CCCCCCBr,2.9616,165.074,0
J81,Sensitizer,Oc1ccc(-c2ccc(O)cc2)cc1,2.7648,186.21,40.46
J1128,Non-sensitizer,Oc1cc2cccc(F)c2[nH]1,2.0126,151.14,36.02
J425,Non-sensitizer,COCCOCOCCOC,0.2699,164.201,36.92
J93,Non-sensitizer,O=S(=O)(O)CC(O)CNc1ccccc1,0.3472,231.273,86.63
J888,Sensitizer,O=C(C(=O)c1ccc(Br)cc1)c1ccc(Br)cc1,4.2772,368.024,34.14
J127,Sensitizer,CCOC=C1N=C(c2ccccc2)OC1=O,1.8679,217.224,47.89
J270,Non-sensitizer,OCC1OC(OCC=Cc2ccccc2)C(O)C(O)C1O,-0.4837,296.319,99.38
J795,Sensitizer,Oc1ccccc1N=Nc1ccccc1O,3.5132,214.224,65.18
J864,Non-sensitizer,CC(C)N(C(=O)Cn1c(=O)c(=NOCc2ccccc2)c(=O)n(-c2ccccc2)c2ccccc21)c1ccccc1,4.6265,546.627,85.9
J723,Sensitizer,NCc1cccc(CN)c1,0.604,136.198,52.04
J65,Sensitizer,O=[N+]([O-])c1cc(O)ccc1NCCO,0.7046,198.178,95.63
J465,Sensitizer,CC(C)C1OCCN1CCOC(=O)NCCCCCCNC(=O)OCCN1CCOC1C(C)C,2.6278,486.654,101.6
J246,Non-sensitizer,O=C1CCCO1,0.3234,86.09,26.3
J722,Non-sensitizer,Cc1cccc(C)c1OP(=O)(Oc1ccc(-c2ccc(OP(=O)(Oc3c(C)cccc3C)Oc3c(C)cccc3C)cc2)cc1)Oc1c(C)cccc1C,13.11076,762.776,89.52
A146A838,Non-sensitizer,Nc1nc(N)nc(-c2ccccc2)n1,0.703,187.206,90.71
J590,Sensitizer,CC12CCC(C(=O)C1=O)C2(C)C,1.5807,166.22,34.14
J698,Sensitizer,CC(C)C1CC=C(CCC=O)CC1,3.348,180.291,17.07
J155,Non-sensitizer,N#CCCOc1ccccc1,1.97908,147.177,33.02
A146A444,Sensitizer,CC(C)CCCCCC(=O)Cl,3.3583,176.687,17.07
J747,Non-sensitizer,COC(=O)c1ncc[nH]c1=N,-0.32423,153.141,78.83
J275,Non-sensitizer,COC(=O)CC(C)=O,0.1385,116.116,43.37
J704,Sensitizer,CC1CCC(C(C)C)C(=O)C1,2.6477,154.253,17.07
J1251,Sensitizer,OCC(O)CS,-0.7306,108.162,40.46
J226,Non-sensitizer,O=C1NS(=O)(=O)c2ccccc21,0.1187,183.188,63.24
J648,Non-sensitizer,Cc1cc(=O)n(-c2cccc(S(=O)(=O)O)c2)[nH]1,0.72072,254.267,92.16
J837,Sensitizer,CCN(CCCl)c1ccc(C=O)cc1,2.5642,211.692,20.31
J877,Sensitizer,OCCCCCCCCCCCCBr,4.2746,265.235,20.23
J497,Sensitizer,CCN(CC)CCCCCCO,1.8809,173.3,23.47
J462,Sensitizer,Cc1c2ccccc2c(C)c2c1ccc1ccccc12,5.76304,256.348,0
J1123,Sensitizer,CCC(C)CC1CCC(O)CC1,2.9737,170.296,20.23
J1265,Non-sensitizer,COC(=O)c1ccc(O)cc1,1.1788,152.149,46.53
J1148,Sensitizer,Cc1cc(C)c(C(=O)P(=O)(c2ccccc2)c2ccccc2)c(C)c1,4.76616,348.382,34.14
A146A1016,Non-sensitizer,CCCCCCCCCc1ccc(OP(Oc2ccc(CCCCCCCCC)cc2)Oc2ccc(CCCCCCCCC)cc2)cc1,15.3296,689.018,27.69
A146A905,Non-sensitizer,COC(=O)c1nccnc1N,-0.1546,153.141,78.1
J1103,Non-sensitizer,OCC1(CO)COCOC1,-1.0383,148.158,58.92
J381,Sensitizer,CCCCCCCCCCCCS(=O)(=O)OC,3.8835,264.431,43.37
J1042,Non-sensitizer,COC(=O)c1ccc(NC(=O)c2cc(Cl)ccc2Cl)cc1N,3.6145,339.178,81.42
J1195,Non-sensitizer,CCN(CC)c1ccc(C=C2OC(=NC3CCCCC3)N(C3CCCCC3)C2=O)c(OC)c1,5.7625,453.627,54.37
J932,Non-sensitizer,Cc1c2ccc(N)cc2nn1C,1.46392,161.208,43.84
J122,Sensitizer,CCOC(=S)S,1.2376,122.214,9.23
J987,Sensitizer,O=c1cccccc1O,0.7524,122.123,37.3
J69,Non-sensitizer,CS(C)=O,-0.0053,78.136,17.07
J773,Non-sensitizer,CC(C=O)(CO)CO,-0.8238,118.132,57.53
J280,Non-sensitizer,BrCCBr,1.7762,187.862,0
J555,Sensitizer,Nc1ccc(Cl)c(Cl)c1,2.5756,162.019,26.02
J634,Non-sensitizer,CC1CC(NC(N)=O)NC(=O)N1,-0.9278,172.188,96.25
J1262,Non-sensitizer,CC(C)(C)c1ccc(OP(=O)(Oc2ccccc2)Oc2ccccc2)cc1,6.629,382.396,44.76
A146A627,Non-sensitizer,BrC1CC(Br)CC(Br)CC(Br)CC(Br)CC(Br)C1,6.9216,641.7,0
J116,Sensitizer,O=C(O)CS,0.0008,92.119,37.3
J480,Non-sensitizer,Cc1cccc(C)c1C(=O)O,2.00164,150.177,37.3
J647,Non-sensitizer,COc1ccc(C)cc1[N+](=O)[O-],1.91182,167.164,52.37
J563,Sensitizer,Clc1ncnc2ccc(I)cc12,2.8878,290.491,25.78
J680,Sensitizer,CC(C)CC1CCC(CCC=O)CC1,3.818,196.334,17.07
J721,Non-sensitizer,CCCCCCCCCC(=O)NCCNC(=O)CCCCCCCCCCC(O)CCCCCC,7.5918,496.821,78.43
A146A374,Sensitizer,Nc1nc(-c2ccc3ccccc3c2)cs1,3.5455,226.304,38.91
J593,Sensitizer,OCC=Cc1ccccc1,1.6921,134.178,20.23
J844,Non-sensitizer,C=CC(=O)OCCC(F)(F)C(F)(F)C(F)(F)C(F)(F)C(F)(F)C(F)(F)C(F)(F)C(F)(F)F,6.1151,518.163,26.3
J1190,Non-sensitizer,CC1CCC(C(C)C)C(C(=O)NCCc2ccccn2)C1,3.4487,288.435,41.99
J231,Non-sensitizer,OCC1COCO1,-0.6484,104.105,38.69
J554,Sensitizer,Cc1ccccc1C,2.30344,106.168,0
J1247,Sensitizer,Clc1ccccc1Cl,2.9934,147.004,0
J730,Sensitizer,C=CC(=O)OCC(CCC)CCCCC,3.7122,212.333,26.3
J1242,Sensitizer,O=C(OOC(=O)c1ccccc1)c1ccccc1,2.6154,242.23,52.6
J319,Non-sensitizer,CCCCCCCC(=O)O,2.4315,144.214,37.3
J316,Non-sensitizer,CC(=O)OCCCc1ccccc1,2.1823,178.231,26.3
J6,Non-sensitizer,NCCC(=O)O,-0.5802,89.094,63.32
J457,Sensitizer,CCCCCCCCCCCCCCOC(=O)Cl,6.0629,276.848,26.3
J308,Non-sensitizer,CC1(C)COC2(CCC3C4CCC5=CC6(CCC5C4C(=O)CC32C)SCCS6)OC1,5.6837,448.694,35.53
J374,Sensitizer,O=c1ccc2cc(Cl)ccc2o1,2.4464,180.59,30.21
J1022,Sensitizer,CC(=O)CC(=O)c1ccc(C)cc1C,2.46524,190.242,34.14
J30,Sensitizer,Cc1ncccc1Oc1ccc(N)cn1,2.15952,201.229,61.03
J546,Non-sensitizer,CC(CO)CC(C)c1ccccc1,2.8086,178.275,20.23
J529,Sensitizer,COc1ccc(C)cc1C(CCN(C(C)C)C(C)C)c1ccccc1,5.64442,339.523,12.47
J629,Non-sensitizer,CCCCOCCOC(C)=O,1.3662,160.213,35.53
A146A525,Sensitizer,CC(C)CCCCCCCOP(OCCCCCCCC(C)C)OCCCCCCCC(C)C,11.2529,502.805,27.69
J1120,Non-sensitizer,CCCCOCCOCCOC(=O)CCC(=O)OCCOCCOCCCC,2.5196,406.516,89.52
J372,Sensitizer,CCCCOC(=O)c1ccc(C(=O)OCCCC)cc1,3.6004,278.348,52.6
A146A1011,Non-sensitizer,O[Si]12O[Si]3(O)O[Si](O)(O1)O[Si](O)(O2)O3,-4.1616,276.366,136.3
J289,Sensitizer,O=C1C=CC(=O)O1,-0.374,98.057,43.37
J1001,Non-sensitizer,O=C(c1ccc(Oc2ccccc2)cc1)c1ccc(C(=O)c2ccc(Oc3ccccc3)cc2)cc1,7.7332,470.524,52.6
J597,Sensitizer,CCC(C)C1CCCc2cccnc21,3.5476,189.302,12.89
J1046,Sensitizer,NC(Cc1ccc(O)cc1)C(O)O,-0.4273,183.207,86.71
J79,Non-sensitizer,CC1CCC(C(C)C)C(OCC(O)CO)C1,1.817,230.348,49.69
J997,Non-sensitizer,O=C1CCCCCN1C(=O)Nc1ccc(Cc2ccc(NC(=O)N3CCCCCC3=O)cc2)cc1,5.1464,476.577,98.82
A146A449,Sensitizer,COC(=O)c1nc(Cl)c(Cl)nc1N,1.1522,222.031,78.1
J1129,Non-sensitizer,Cc1cc2[nH]c(=O)[nH]c2cc1N=Nc1c(O)[nH]c(=O)[nH]c1=O,0.66222,302.25,159.32
J550,Non-sensitizer,O=c1[nH]c2ccccc2s1,1.5896,151.19,32.86
J994,Non-sensitizer,CC(C)(C)C(=O)O,1.1171,102.133,37.3
J119,Sensitizer,CC(=O)C(=O)CC(C)C,1.1906,128.171,34.14
J860,Non-sensitizer,n1n[nH]c(-c2nn[nH]n2)n1,-1.6202,138.094,108.92
J785,Non-sensitizer,CC(=O)OCCOC(C)C,0.9745,146.186,35.53
A146A902,Non-sensitizer,O=C1C=CC(=NNc2ccccn2)C(O)=C1,1.4303,215.212,74.58
J1101,Non-sensitizer,COc1ccc(C(=O)Nc2ccccc2)cc1N=Nc1c(O)c(C(=O)Nc2cc(Cl)ccc2C)cc2ccccc12,8.43582,565.029,112.38
J1274,Non-sensitizer,COc1ccc2[nH]c(=O)cc(C)c2c1,1.84512,189.214,42.09
J544,Non-sensitizer,N=c1nc(-c2ccccc2)[nH]c(=N)[nH]1,0.36374,187.206,92.17
J1053,Sensitizer,Nc1ccc(O)cc1[N+](=O)[O-],0.8826,154.125,89.39
J1131,Non-sensitizer,CCOC(=O)C(Cc1ccc(O)cc1)NC(=O)OC(C)(C)C,2.3911,309.362,84.86
J885,Non-sensitizer,CC(=O)C(O)N(C)C,-0.5446,117.148,40.54
J415,Non-sensitizer,OCC(CBr)(CBr)CBr,2.1498,324.838,20.23
J1072,Non-sensitizer,COc1cc([N+](=O)[O-])ccc1NN=C(C(C)=O)C(=O)Nc1ccccc1OC,2.6076,386.364,132.16
J187,Non-sensitizer,Oc1ccc(C2COc3cc(O)ccc3C2)cc1,2.8165,242.274,49.69
J921,Sensitizer,O=C(CCl)c1ccc(Cl)cc1Cl,3.4149,223.486,17.07
J84,Sensitizer,CCc1nc(C)c[nH]1,1.28052,110.16,28.68
J944,Non-sensitizer,CC(C)(C)OC(=O)NC(C(=O)O)C(c1ccc(F)cc1)c1ccc(F)cc1,4.0746,377.387,75.63
J161,Sensitizer,CCOC(=O)C1=C(C)C=CCC1(C)C,2.8521,194.274,26.3
J999,Non-sensitizer,O=CCC=O,-0.2257,72.063,34.14
J351,Sensitizer,CCCCCCCCC(=O)NCCC(CCC(=O)O)c1ccccc1S(=O)(=O)O,4.1386,427.563,120.77
J413,Non-sensitizer,C=CC(=O)OCC(CO)(COC(=O)C=C)COC(=O)C=C,0.1527,298.291,99.13
J1235,Sensitizer,CCCCCCCCCCCC(=O)OCC(C)(C)C=NCCOCCO,4.5564,371.562,68.12
J532,Sensitizer,Oc1cccc(O)c1O,0.8034,126.111,60.69
J191,Non-sensitizer,CC(=O)CC(N)=O,-0.5492,101.105,60.16
J632,Sensitizer,CCCCCCCCCCCCCCCCCCBr,7.6428,333.398,0
J386,Non-sensitizer,CS(=O)(=O)c1ccc(F)c(C(=O)O)c1,0.9274,218.205,71.44
J525,Non-sensitizer,CC(c1ccccc1)c1ccc(O)cc1O,3.2496,214.264,40.46
J568,Sensitizer,C=COC(=O)C(CC)CCCC,2.8895,170.252,26.3
J751,Non-sensitizer,CC(O)CN,-0.6741,75.111,46.25
J771,Sensitizer,C=C1CCC2CC1C2(C)C,2.9987,136.238,0
J620,Sensitizer,CCCCCCCCCC(C)C=O,3.9621,184.323,17.07
J1279,Non-sensitizer,S=c1[nH]c2ccccc2o1,2.49039,151.19,28.93
J692,Sensitizer,O=CCC1CC2CC1C1CCCC21,2.6477,178.275,17.07
J977,Non-sensitizer,C[N+](C)=CCC(O)CC(N)=O,-1.0443,159.209,66.33
A146A945,Non-sensitizer,CC(=O)C=C(C)O,1.0372,100.117,37.3
J1023,Sensitizer,C=CCCC(=O)C1=CCCC(C)(C)C1,3.6582,192.302,17.07
J225,Non-sensitizer,CCN(CC)CCCN=c1[nH]c(=NCCCN(CC)CC)[nH]c(=Nc2ccc3c(O)c(N=Nc4ccc5[nH]c(=O)[nH]c5c4)c(S(=O)(=O)O)cc3c2)[nH]1,3.859,734.888,238.9
J178,Non-sensitizer,O=C1CCCCCO1,1.1036,114.144,26.3
J794,Sensitizer,CCC(C)(C)c1ccccc1,3.3742,148.249,0
J464,Sensitizer,CC(Br)CCCN1C(=O)c2ccccc2C1=O,2.8462,296.164,37.38
J726,Sensitizer,CC(CN)CCCCCCN,1.4904,158.289,52.04
J400,Sensitizer,Nc1ccc(N(CCO)CCO)cc1[N+](=O)[O-],-0.032,241.247,112.86
J264,Sensitizer,C1N2CN3CN1CN(C2)C3,-1.0198,140.19,12.96
J878,Sensitizer,CCCCCCCCCCCCCCCCCCCl,7.4867,288.947,0
J928,Non-sensitizer,CNC(C)c1cccc(OC)c1,1.9756,165.236,21.26
J49,Sensitizer,c1ccc2c(c1)cc1ccc3cccc4ccc2c1c34,5.7372,252.316,0
J56,Non-sensitizer,CC(C)CCCC(C)C1CCC2C3CC=C4CC(O)CCC4(C)C3CCC12C,7.3887,386.664,20.23
J572,Non-sensitizer,O=C(Nc1ccc2[nH]c(=O)[nH]c2c1)c1cc2ccccc2c(N=Nc2cc(Cl)ccc2Cl)c1O,6.6895,492.322,122.7
J1171,Non-sensitizer,O=C(O)CCCCCN=c1[nH]c(=NCCCCCC(=O)O)[nH]c(=NCCCCCC(=O)O)[nH]1,1.308,468.555,196.35
J787,Non-sensitizer,CC1(C2CCC3C4=CC=C5CC6(CCC5(C)C4CCC32C)OCCO6)OCCO1,4.9916,400.559,36.92
J109,Sensitizer,CCCCCCCCCCCCCCCC(=O)Cl,6.2331,274.876,17.07
J662,Sensitizer,CC(=O)C=Cc1ccccc1,2.2888,146.189,17.07
J804,Non-sensitizer,O=C(Nc1ccccc1)Nc1ccccc1NS(=O)(=O)c1ccccc1,4.1314,367.43,87.3
J1219,Non-sensitizer,Cc1ccc2oc(=O)ccc2c1,2.10142,160.172,30.21
J1084,Sensitizer,O=C(Cl)c1ccc(F)c(Cl)c1,2.8581,193.004,17.07
J163,Sensitizer,CCCCCCCCCCCCCCCCCBr,7.2527,319.371,0
A146A886,Non-sensitizer,CCOC(=O)c1nnc[nH]1,-0.0186,141.13,67.87
J1108,Sensitizer,CCCCCCCCCCCBr,4.9121,235.209,0
J403,Sensitizer,CC(C)(C)c1ccc(OCC2CO2)cc1,2.7617,206.285,21.76
J876,Sensitizer,O=C1OC2(c3ccc(O)cc3Oc3cc(O)ccc32)c2ccc(N=C=S)cc21,4.4001,389.388,88.35
J435,Non-sensitizer,Cc1ccc(-n2[nH]c(C)c(N=Nc3cccc(-c4cccc(C(=O)O)c4)c3O)c2=O)cc1C,5.57706,442.475,120.04
J911,Non-sensitizer,CCOC(=O)OCCOc1cc(O)c2c(c1N)C(=O)c1ccccc1C2=O,2.3017,371.345,125.15
A146A853,Non-sensitizer,CCC(=O)OC1(C(=O)CO)C(C)CC2C3CCC4=CC(=O)C=CC4(C)C3(Cl)C(O)CC21C,3.1259,464.986,100.9
J856,Non-sensitizer,CC(=O)C(N)C(O)O,-1.7866,119.12,83.55
J992,Sensitizer,C(=NC1CCCCC1)=NC1CCCCC1,3.8257,206.333,24.72
J694,Non-sensitizer,O=c1oc(C(O)CO)c(O)[c-]1O,-1.2044,175.116,111.13
J539,Sensitizer,O=c1c(-c2ccccc2)c1-c1ccccc1,3.2564,206.244,17.07
J867,Non-sensitizer,CCOc1ccc(NC(=O)C(=NNc2ccc(-c3ccc(NN=C(C(C)=O)C(=O)Nc4ccc(OCC)cc4)c(Cl)c3)cc2Cl)C(C)=O)cc1,7.449,717.61,159.58
J663,Sensitizer,O=CCc1ccccc1,1.428,120.151,17.07
J383,Sensitizer,CC(C)(C)N(CC(=O)c1ccc(O)c(CO)c1)Cc1ccccc1,3.3679,327.424,60.77
J638,Sensitizer,O=C(Nc1ccc(Cl)c(Cl)c1)c1cc(Cl)cc(Cl)c1O,5.2581,351.016,49.33
J20,Non-sensitizer,CCCC1CC(C)(OC(C)=O)CCO1,2.2873,200.278,35.53
J146,Sensitizer,C=CC(C)CCC=C(C)C,3.5549,138.254,0
J306,Sensitizer,CCCCCCCCC=CCCCCCCCC(=O)O,6.1085,282.468,37.3
A146A40,Sensitizer,CN(C)C(=S)SSC(=S)N(C)C,2.0608,240.444,6.48
J19,Non-sensitizer,CC=NC=O,0.2335,71.079,29.43
J617,Sensitizer,C=C(C)C(=O)OCCOCCOCCOC(=O)C(=C)C,1.2582,286.324,71.06
J605,Sensitizer,C=CC(=O)OCC(C)C,1.3716,128.171,26.3
J609,Non-sensitizer,COc1cc(C)c2c(Oc3cccc(C(F)(F)F)c3)c(OC)cc(NC(C)CCCN3C(=O)c4ccccc4C3=O)c2n1,7.24832,593.602,89.99
J1007,Sensitizer,CC(C)C1CCC(CO)CC1,2.4411,156.269,20.23
J88,Non-sensitizer,O=C(O)c1ccc(O)cc1,1.0904,138.122,57.53
J174,Non-sensitizer,NS(=O)(=O)c1cccc(CCCCOCCCCCCBr)c1,3.6286,392.359,69.39
J931,Non-sensitizer,Cc1ccc(N=c2nc(N(C)c3ccc4c(C)n(C)nc4c3)cc[nH]2)cc1S(N)(=O)=O,2.56094,437.529,122.26
J853,Non-sensitizer,CCCCCCCCCCCCCC[Si](C)(O[Si](C)(C)C)O[Si](C)(C)C,8.4625,418.887,18.46
J577,Sensitizer,FC(F)CNCc1ccc(Cl)nc1,2.0897,206.623,24.92
J633,Non-sensitizer,CCCCOCCOCCOCCOCCOCCCC,2.6696,306.443,46.15
J253,Non-sensitizer,CC(C)c1c(C(=O)Nc2ccccc2)c(-c2ccccc2)c(-c2ccc(F)cc2)n1CCC1CC(CC(=O)OC(C)(C)C)OC2(CCCC2)O1,9.9032,680.861,78.79
J1137,Non-sensitizer,CC(=O)C(=NNc1ccc(C(=O)Nc2ccc(C(N)=O)cc2)cc1)C(=O)Nc1ccc2[nH]c(=O)[nH]c2c1,2.203,499.487,191.4
J975,Non-sensitizer,O=C(C(O)C(O)O)C(O)C(O)CO,-4.0588,196.155,138.45
J54,Sensitizer,C=C(C)C1CCC(C)=C(N=O)C1,3.403,165.236,29.43
J14,Non-sensitizer,CC(O)COc1ccc(C(C)(C)c2ccc(OCC(C)O)cc2)cc1,3.5317,344.451,58.92
A146A977,Non-sensitizer,CCCCCCCCCC(=O)O,3.2117,172.268,37.3
J139,Sensitizer,CC(C)CC=C(C=O)c1ccccc1,3.315,188.27,17.07
J592,Sensitizer,CC=Cc1ccc(OC)cc1,2.7283,148.205,9.23
J202,Non-sensitizer,OCCC(F)(F)C(F)(F)C(F)(F)C(F)(F)C(F)(F)C(F)(F)F,4.1076,364.101,20.23
A146A666,Non-sensitizer,c1nnc[nH]1,-0.1953,69.067,41.57
J342,Sensitizer,COC(=O)c1nc(Cl)c(Cl)[nH]c1=N,0.98257,222.031,78.83
A146A500,Sensitizer,CC(C)CCCCCCCOP(OCCCCCCCC(C)C)Oc1ccccc1,9.3187,438.633,27.69
J283,Sensitizer,NCCN,-1.0962,60.1,52.04
J209,Sensitizer,O=[N+]([O-])c1ccc(F)c([N+](=O)[O-])c1,1.6421,186.098,86.28
J1085,Non-sensitizer,COc1ccc(NN=C(C(C)=O)C(=O)Nc2ccccc2OC)c([N+](=O)[O-])c1,2.6076,386.364,132.16
J985,Sensitizer,Nc1ccc(N)c([N+](=O)[O-])c1,0.7592,153.141,95.18
J104,Sensitizer,C1=COCCC1,1.3105,84.118,9.23
J168,Non-sensitizer,CCCCCCCCCCCCCCCCCCOP1OCC2(CO1)COP(OCCCCCCCCCCCCCCCCCC)OC2,15.0764,733.049,55.38
J1116,Non-sensitizer,Cc1ccc(N)cc1S(N)(=O)=O,0.22462,186.236,86.18
J495,Non-sensitizer,O=C(O)c1ccccc1O,1.0904,138.122,57.53
J1224,Non-sensitizer,CCC(C)c1cc(S(=O)(=O)O)cc(-n2nc3ccccc3n2)c1O,2.8863,347.396,105.31
J710,Sensitizer,CCCCCCCCCCCCBr,5.3022,249.236,0
J456,Non-sensitizer,CCCCCCCC(=O)OCCCOC(=O)CCCCCCC,5.1839,328.493,52.6
J1075,Non-sensitizer,OCC(O)c1oc(O)c(O)c1O,-0.5779,176.124,114.29
J981,Non-sensitizer,COc1cc(NC(=O)c2cc3ccccc3c(N=Nc3cc(C(=O)Nc4ccccc4)ccc3OC)c2O)c(OC)cc1Cl,8.1446,611.054,130.84
J210,Non-sensitizer,Cc1ccc(C(=O)Nc2ccc(S(=O)(=O)O)cc2)cc1N,2.07622,306.343,109.49
J855,Sensitizer,O=c1c(O)c(O)c1=O,-1.3062,114.056,74.6
J1008,Non-sensitizer,CC1(C)SC2C(N)C(=O)N2C1C(=O)O,-0.5394,216.262,83.63
J1250,Non-sensitizer,Cc1ccc(-n2nccn2)c(C(=O)O)c1,1.27392,203.201,68.01
J524,Sensitizer,CCOP(=O)(C(=O)c1c(C)cc(C)cc1C)c1ccccc1,4.39216,316.337,43.37
J58,Sensitizer,C=C(C)C1CC=C(C)CC1,3.3089,136.238,0
J496,Sensitizer,NC1CCCCC1N,0.215,114.192,52.04
J262,Non-sensitizer,CNc1ccccc1,1.7283,107.156,12.03
J118,Non-sensitizer,C=CCCCCCCCC(=O)N(C)C,2.9913,197.322,20.31
J68,Sensitizer,C=COCCCN,0.4953,101.149,35.25
J841,Non-sensitizer,CCN1CCCC1=O,0.6287,113.16,20.31
J367,Sensitizer,COc1cc(C)c2c(Cl)c(OC)cc([N+](=O)[O-])c2n1,3.12202,282.683,74.49
J1236,Sensitizer,CCCCCCCCCCCC(=O)OCC(C)(C)C=NCC1(C)CC(N=CC(C)(C)COC(=O)CCCCCCCCCCC)CC(C)(C)C1,12.6936,703.15,77.32
J624,Sensitizer,O=CCCCC=O,0.5545,100.117,34.14
J1146,Non-sensitizer,CNC(=O)c1cc(Oc2ccc(N)c(F)c2)ccn1,1.9548,261.256,77.24
J891,Non-sensitizer,CC(C)N(C#N)C#N,0.65896,109.132,50.82
J230,Non-sensitizer,CC(C)(C)c1[nH]n(-c2cc(C(=O)O)cc(C(=O)O)c2)c(=N)c1N=Nc1nnc(SCCSc2nnc(N=Nc3c(C(C)(C)C)[nH]n(-c4cc(C(=O)O)cc(C(=O)O)c4)c3=N)s2)s1,7.68914,921.042,339.34
A146A642,Non-sensitizer,COc1cc(C(=O)C=C(O)C(C)(C)C)cc(OC)c1OC,3.3831,294.347,64.99
J973,Sensitizer,Cc1nc2ccccc2c(=O)o1,1.49642,161.16,43.1
J798,Non-sensitizer,CCCCCCCCCCCCCCCC(=O)C(CCCCCCCCCCCCCC)C(=O)NCCO,9.8527,537.914,66.4
J913,Non-sensitizer,CC1(C)COP(=S)(OP2(=S)OCC(C)(C)CO2)OC1,3.598,346.347,46.15
J1041,Non-sensitizer,COc1cc(OC)c(NC(=O)c2cc3ccccc3c(N=Nc3cc(C(=O)Nc4ccc(C(N)=O)cc4)ccc3OC)c2O)cc1Cl,7.2435,654.079,173.93
J397,Non-sensitizer,O=S(=O)(O)c1ccc(N=c2[nH]c(N3CCOCC3)nc(=Nc3ccc(C=Cc4ccc(N=c5nc(N6CCOCC6)[nH]c(=Nc6ccc(S(=O)(=O)O)cc6)[nH]5)cc4S(=O)(=O)O)c(S(=O)(=O)O)c3)[nH]2)cc1,1.549,1041.098,380.8
J1188,Non-sensitizer,COc1cc(NC(=O)C(C#N)C=Nc2ccc(OC)c(OCCCN3CCN(C)CC3)c2)c(Cl)cc1Cl,4.50768,548.471,99.42
J217,Non-sensitizer,C=CC(=O)NCCO,-0.7191,115.132,49.33
J375,Sensitizer,CON=C1CN(c2nc3c(cc2F)c(=O)c(C(=O)O)cn3C2CC2)CC1CN,0.966,389.387,123.04
J477,Sensitizer,CCCCCCCCCCCCC,5.3173,184.367,0
J103,Sensitizer,CCCC1(C(C)(C)C)C=CC(C)O1,3.5463,182.307,9.23
J1121,Non-sensitizer,Cc1cc(S(=O)(=O)O)c(N=Nc2c(O)c(C(=O)O)cc3ccccc23)cc1Cl,4.86752,420.83,136.62
J1126,Non-sensitizer,N=c1cc[nH]c(=O)[nH]1,-0.81753,111.104,72.5
J481,Non-sensitizer,Nc1cc(Cl)c(Cl)cc1S(=O)(=O)O,1.8223,242.083,80.39
J955,Non-sensitizer,NCCC[S+](O)O,-0.1005,124.185,66.48
J1253,Sensitizer,C=CC(=O)OC,0.3454,86.09,26.3
J1035,Non-sensitizer,O=C(Nc1ccc(Cc2ccc(NC(=O)NC3CCCCC3)cc2)cc1)NC1CCCCC1,6.1858,448.611,82.26
J820,Non-sensitizer,CCOc1ccccc1NC(=O)C(=O)Nc1ccccc1CC,3.2249,312.369,67.43
J53,Non-sensitizer,CC1=CC(=O)NS(=O)(=O)O1,-0.7186,163.154,72.47
J1269,Sensitizer,CC=CC(CC)=NO,1.8027,113.16,32.59
J411,Non-sensitizer,CCC(=O)c1cccc(Cl)c1,2.9327,168.623,17.07
J405,Non-sensitizer,c1ccc(-c2ccc(-c3nc(-c4ccc(-c5ccccc5)cc4)nc(-c4ccc(-c5ccccc5)cc4)n3)cc2)cc1,9.8736,537.666,38.67
J823,Sensitizer,CCCCCCCCCCCCCCCl,5.9263,232.839,0
J559,Sensitizer,C=CCc1ccc(O)c(OC)c1,2.1293,164.204,29.46
A146A73,Non-sensitizer,CNC1C(OC2C(OC3C(O)C(O)C(NC(=N)N)C(O)C3NC(=N)N)OC(C)C2(O)C=O)OC(CO)C(O)C1O,-7.74176,581.58,331.43
J46,Non-sensitizer,O=C(O)c1c(O)c(-c2ccccc2)nc2ccccc12,3.3056,265.268,70.42
J169,Sensitizer,CCC(CC)CC1(C(=O)O)CCCCC1,3.8478,212.333,37.3
A146A303,Sensitizer,C=CC(=O)OCCOCC(CC)(COCCOC(=O)C=C)COCCOC(=O)C=C,1.6202,428.478,106.59
J1164,Non-sensitizer,CC(=O)C(O)O,-1.1139,90.078,57.53
J25,Sensitizer,CC(C)(C)C1CCC(OC(=O)OOC(=O)OC2CCC(C(C)(C)C)CC2)CC1,6.4176,398.54,71.06
J907,Sensitizer,Clc1ccnc(Cl)n1,1.7834,148.98,25.78
J430,Non-sensitizer,CC(C)(O)C(=O)c1ccc(Cc2ccc(C(=O)C(C)(C)O)cc2)cc1,3.1846,340.419,74.6
A146A439,Sensitizer,O=C(CS)OCC(O)CO,-1.1874,166.198,66.76
J152,Non-sensitizer,C=CC(=O)NC(C)(C)CC(C)=O,1.0463,169.224,46.17
J1125,Non-sensitizer,CC(C)(C)OC(=O)NC(C(=O)N1C(C#N)CC2CC21)C12CC3CC(CC(O)(C3)C1)C2,2.72398,415.534,102.66
J744,Non-sensitizer,C=CC(=O)NC(C)(C)CC(C)(C)C,2.5034,183.295,29.1
